time,x,y,z,q,x,y,z
1592228777.1383755,-6.87595288938022e-05,0.33627173562003043,0.013014266356871697,-0.018940330351526376,0.6637609821091582,-0.02566234824236811,-0.7472643482423681
1592228777.1483755,-6.87595288938022e-05,0.33627173562003043,0.013014266356871697,-0.018966515864933874,0.6637337262025992,-0.02566739770274104,-0.7472883544865785
1592228777.1583755,-6.87595288938022e-05,0.33627173562003043,0.013014266356871697,-0.01901488490449574,0.6636393668788984,-0.025708021592385576,-0.7473689460669501
1592228777.1683755,-6.87595288938022e-05,0.33627173562003043,0.013014266356871697,-0.019117304222043982,0.6634588592511864,-0.025789205358264823,-0.7475233574692868
1592228777.1783755,-6.775952225538859e-05,0.33627186147449073,0.01301480809550002,-0.019257157131803506,0.6632272531080723,-0.025900702115037838,-0.7477217356977053
1592228777.1883755,-6.762470847548743e-05,0.33627086785302385,0.013015245725566477,-0.0193891213063856,0.6629774825895364,-0.026005593826616352,-0.7479360227746172
1592228777.1983755,-6.762470847548743e-05,0.33627086785302385,0.013015245725566477,-0.019541943976506215,0.6626297001339008,-0.026245641199085585,-0.7482317489179756
1592228777.2083755,-7.102236676798653e-05,0.3362704285482078,0.013015294964554362,-0.020301856563347806,0.662798907024922,-0.026527138096673536,-0.7480517981537033
1592228777.2183754,-7.61072102574581e-05,0.336270770446432,0.013016819790576117,-0.020541966557434694,0.6629623401490327,-0.026982651187322404,-0.747884532836558
1592228777.2283754,-7.804678509859802e-05,0.33627051365818844,0.013017818634803396,-0.02071568605635372,0.6631327691550125,-0.027127293626795872,-0.7477230738731643
1592228777.2383754,-7.905400352234787e-05,0.33627077440709996,0.013018417603551977,-0.02072686861354552,0.6633422201542227,-0.027187565340187674,-0.7475346931962464
1592228777.2483754,-8.00923388599186e-05,0.33627125161284255,0.013018800602964616,-0.02063744665463078,0.6635827191282769,-0.0271832509578,-0.7473242217795539
1592228777.2583754,-8.071217809010032e-05,0.33627116754115616,0.013019444335587651,-0.02052900338330899,0.6638826576445094,-0.027143334954502225,-0.7470616745610542
1592228777.2683754,-8.071217809010032e-05,0.33627116754115616,0.013019444335587651,-0.020431252632176912,0.6640562534406209,-0.027119,-0.746911252632177
1592228777.2783754,-8.043514893455649e-05,0.3362712016565808,0.013019715537750696,-0.02039182557151602,0.6640484149032169,-0.027124476714548068,-0.7469196587632456
1592228777.2883754,-7.970549671786776e-05,0.33627129151136587,0.013020429842564752,-0.020407983330798178,0.6639155616760467,-0.027159976663117452,-0.747035195825094
1592228777.2983754,-7.871049865817359e-05,0.33627141877972777,0.01302063858683395,-0.02044790085160739,0.6637812891632958,-0.02721936370023414,-0.7471513719821161
1592228777.3083754,-7.867370804267635e-05,0.33627122116261104,0.01302141414681935,-0.020475330945277318,0.6637024528065526,-0.027275094386894724,-0.7472181553175323
1592228777.3183753,-7.855563710445713e-05,0.33627041949885483,0.013022409089151227,-0.020500145910451396,0.6637202535017361,-0.027330282241111132,-0.7472004067784027
1592228777.3283753,-7.86906166561676e-05,0.33627040119094853,0.013022549271857723,-0.02052352034664658,0.6638464717065151,-0.027397252106597283,-0.7470846340001369
1592228777.3383753,-7.960959385731199e-05,0.33627016295959267,0.013024424096723048,-0.02054771196536662,0.6640152018138455,-0.027470530928568656,-0.7469316541688378
1592228777.3483753,-8.044596179031431e-05,0.33626914821159304,0.013025432490039702,-0.02059499602789928,0.6641649150541723,-0.027546453554985417,-0.7467941659195548
1592228777.3583753,-8.115963840405961e-05,0.336268041440667,0.013026438647220884,-0.02067174748092254,0.6641971866625911,-0.0276565717251993,-0.7467594286900797
1592228777.3683753,-8.018130098330077e-05,0.33626813837200914,0.013027447508654443,-0.02077438240768592,0.6641040415891116,-0.027788520648454513,-0.7468346358490949
1592228777.3783753,-7.806553018299726e-05,0.3362674116789295,0.013029392702783719,-0.0209052495205279,0.6639136576346245,-0.027928266928936823,-0.7469942901401487
1592228777.3883753,-7.682082535776462e-05,0.33626557596019907,0.01303133455323565,-0.02109101584773562,0.6636930710693206,-0.028122928930679376,-0.7471784794053689
1592228777.3983753,-7.566102578209175e-05,0.3362647380011133,0.013032287471127179,-0.021338662282441995,0.6635332481522704,-0.02836388296567682,-0.7473037449222864
1592228777.4083753,-7.460922663603424e-05,0.33626388539848207,0.013033323330482176,-0.021631171204789967,0.6634041964740091,-0.028655414789509143,-0.747399265034306
1592228777.4183753,-7.399306025764288e-05,0.33626006117608603,0.013036071677289731,-0.021972842711362045,0.663303322430146,-0.029024238117886354,-0.7474648291905513
1592228777.4283752,-7.265780358440271e-05,0.3362436463775937,0.01304165200558718,-0.022322185291185744,0.6632338994844842,-0.02951853709549102,-0.7474967465942729
1592228777.4383752,-6.0705329721862303e-05,0.3361387334702877,0.013067332054273876,-0.022648390329244577,0.6631841115694499,-0.030060744843688834,-0.7475091434230313
1592228777.4483752,-2.4587588172003242e-05,0.33590199610502913,0.013110505258731345,-0.02299408421057842,0.663099248351632,-0.030572678426909326,-0.7475532904569212
1592228777.4583752,2.907110120331589e-05,0.3356159739232449,0.013149560272092214,-0.02341773291506167,0.6629176868152475,-0.03104750955145082,-0.7476820140930779
1592228777.4683752,8.509111852959157e-05,0.3353131569308924,0.01318166376635229,-0.02392716409119699,0.6626259044842286,-0.03149588531400946,-0.747905824085951
1592228777.4783752,0.00013416903441687873,0.3350171501943304,0.013207274935072816,-0.02443446106899541,0.6623284031093415,-0.031881805614800654,-0.7481358286650387
1592228777.4883752,0.00017895993980396216,0.3347289246242242,0.013227634837435883,-0.024833501939812774,0.6620688175942703,-0.032169412246193796,-0.7483408689086302
1592228777.4983752,0.00022512840710308353,0.3344324865412621,0.013242397961855827,-0.025101316735295632,0.661860680095988,-0.03233065836764782,-0.7485086556516053
1592228777.5083752,0.00026623722942601227,0.3341148325216128,0.013243099076140956,-0.02525606999168475,0.6617395373833197,-0.032392528850005334,-0.7486079791750115
1592228777.5183752,0.0003070979619997472,0.33376898305515595,0.013242630668678684,-0.025346578707189607,0.6616711804372876,-0.03240791574143792,-0.7486647472243138
1592228777.5283751,0.00034362984358789347,0.33339886061742774,0.013244072497836466,-0.025453014168016794,0.6616020506977551,-0.03247412973154373,-0.7487190648657719
1592228777.5383751,0.0003695371080288903,0.33301023516127165,0.013248082146118114,-0.025631429070944525,0.661531751743866,-0.032641421512712064,-0.748768015116465
1592228777.5483751,0.0003793263936734563,0.3326086780383224,0.013255657310433476,-0.025877235663835003,0.6614862710899834,-0.03290567717260642,-0.7487883037125069
1592228777.5583751,0.000373813193431282,0.3321899099560584,0.013262316608336235,-0.02612316987599122,0.6614284615124707,-0.03321620969067666,-0.7488170185801866
1592228777.568375,0.0003519422250681233,0.33174606194376577,0.013268173475127413,-0.026338617718418857,0.6614327811582609,-0.03352815095106698,-0.7487918573464823
1592228777.578375,0.000312541206604774,0.33125914462366396,0.013272169621137052,-0.026461631309244022,0.6615679242340944,-0.03380301429912053,-0.7486554065737088
1592228777.588375,0.0002615485347603567,0.3307128232353928,0.013273972794986948,-0.026501514640071843,0.6617564226654693,-0.03399455235903013,-0.748478305374423
1592228777.598375,0.0002095838893162008,0.3301035944068317,0.013277701998276064,-0.02646157751852173,0.661962596659712,-0.034132186532402194,-0.74829128536575
1592228777.608375,0.00015830085985531027,0.32944361244584947,0.013270358746641816,-0.026400307717497004,0.6621255576356317,-0.03422557367281786,-0.748145615434994
1592228777.618375,0.00011753645117839953,0.3287284247028269,0.013252106954933408,-0.02636973154957097,0.6621605707528081,-0.03428573154957097,-0.748112748475546
1592228777.628375,9.28595661391761e-05,0.327951465428167,0.013229057178392765,-0.026423854557723156,0.6620447085405817,-0.034351228073681024,-0.7482106395061082
1592228777.638375,8.337009327870884e-05,0.3271185804874256,0.013212752515962102,-0.026504235613716655,0.6618221753519917,-0.03451180821299239,-0.74839642875902
1592228777.648375,9.149793004112112e-05,0.32622089199641086,0.013194686763896755,-0.02663141669972956,0.6614477910612384,-0.03464702469625623,-0.7487173951400997
1592228777.658375,0.00012320388461698115,0.3252648330957035,0.013175219821885962,-0.02671187659779097,0.6610333456223607,-0.034753692724622476,-0.7490749139643851
1592228777.668375,0.00017617711696449543,0.3242577536003062,0.01316065531093948,-0.026748729361991963,0.6605106403384546,-0.0348523307797876,-0.7495295701577738
1592228777.678375,0.0002541611425455309,0.32318891266034605,0.013139882046729131,-0.02670930440589609,0.6599724314419738,-0.03480566955941039,-0.7500073946595003
1592228777.688375,0.000358984338069172,0.3220653709437227,0.0131345349360613,-0.026529544570882545,0.6594703132797748,-0.03477073807778971,-0.750457473404037
1592228777.698375,0.00048413858017371805,0.32089481427141,0.013125132518847437,-0.026386956087572834,0.6588810112126462,-0.03468152752645368,-0.750983801997165
1592228777.708375,0.000622929035194637,0.31969132901792213,0.013115735715011748,-0.026227213300616902,0.6583238340549634,-0.034629329078332396,-0.7514802306627408
1592228777.718375,0.0007752388311137481,0.3184535324512862,0.013109648483133082,-0.02613666965470243,0.6576972594836342,-0.03457209124370349,-0.7520345425545698
1592228777.728375,0.000943009530257782,0.3171707036161258,0.013090902373909929,-0.026102804627598702,0.6570632140399415,-0.03447915908495662,-0.7525934814634143
1592228777.738375,0.0011243751536835025,0.3158435804158789,0.013080602849912302,-0.02599101033720253,0.6563630854542076,-0.03447100298630296,-0.753208924882995
1592228777.748375,0.0013135385880569447,0.31447097800814355,0.013065007455912589,-0.02592960156768685,0.6557543514582347,-0.03433310271873521,-0.7537474887084207
1592228777.758375,0.0015057939166782646,0.313061383519078,0.013060947831002152,-0.02576698661402235,0.6551795792362806,-0.03432950940718613,-0.7542532505397926
1592228777.768375,0.0016932539498746206,0.31161241446521915,0.013042500922694399,-0.025737457431788624,0.6547448655209201,-0.03429786794737457,-0.7546324113244041
1592228777.778375,0.0018761540830727942,0.31012242458046396,0.013031222181536259,-0.02571856542772902,0.6543050498388855,-0.034399254876334454,-0.7550104814159354
1592228777.788375,0.0020603657171723876,0.30858945471516,0.013009811243704407,-0.02586099894506745,0.6538880023735982,-0.03450159008192789,-0.7553623616463773
1592228777.798375,0.002242365859324856,0.3070148244309927,0.01299094529857607,-0.026059674431796784,0.6534842919452241,-0.03473699923126239,-0.7556935544451567
1592228777.808375,0.002418389664680012,0.30539857483288474,0.012976591612234318,-0.026320066409734538,0.6531644462776566,-0.03499988133307954,-0.7559487387989985
1592228777.8183749,0.002579309125314622,0.3037371932629536,0.012975429363585053,-0.026548913429753972,0.6528947637374696,-0.03537394493142469,-0.756156070898542
1592228777.8283749,0.002724258659538475,0.302010016604989,0.01295752187876487,-0.026866067609448683,0.6527939719699039,-0.03562695548906376,-0.7562202324811899
1592228777.8383749,0.002860845613767876,0.3002184233390254,0.012937223633031365,-0.02715848454977097,0.652819367154111,-0.03591175707011737,-0.7561743580493531
1592228777.8483748,0.0029931568985208765,0.2983741489903863,0.012917430617705497,-0.027517882440605424,0.6528960737434126,-0.03621310201727905,-0.756080650958963
1592228777.8583748,0.0031238146075513117,0.2964942675031137,0.012894684965674436,-0.02798631075175671,0.6529991151130798,-0.03657197193684814,-0.7559575131825601
1592228777.8683748,0.003256595193012758,0.2945979509201038,0.012884953204415302,-0.028470719858677763,0.6530498720218653,-0.03707459188054309,-0.7558706978334775
1592228777.8783748,0.0033936416714528592,0.29268448437220196,0.012868458949993116,-0.029051793213281114,0.6530085992419435,-0.03754510504774487,-0.7558610607063264
1592228777.8883748,0.003543183132273468,0.29074574795758623,0.012854401279528443,-0.029570962762088888,0.6529589028233563,-0.03810861701611852,-0.7558554644029163
1592228777.8983748,0.0037074688266714216,0.28877230972696694,0.012843354319490699,-0.030108618172519423,0.6528795613568388,-0.038596041059344784,-0.7558779821737764
1592228777.9083748,0.003885353130912711,0.2867710248545629,0.012840213157659448,-0.030584998538703393,0.6527671468637533,-0.039129434914595966,-0.7559290111848044
1592228777.9183748,0.004062292942354566,0.28487603310756227,0.012827915218833063,-0.031114289084631076,0.6527134672046847,-0.03955981702138114,-0.755931
1592228777.9283748,0.004227866719910176,0.28321316213433995,0.012821314971648484,-0.03157871939414839,0.6526028359005709,-0.04000693886869645,-0.7559839580023786
1592228777.9383748,0.004414209348161804,0.28147339636485785,0.012811281785440977,-0.03203326149164192,0.6524486212821159,-0.04039802640344799,-0.7560769844122149
1592228777.9483747,0.004610460837707587,0.27974375402688806,0.012800295847490777,-0.03244642366670334,0.6523266413733231,-0.040817434506707745,-0.7561422621950049
1592228777.9583747,0.004839456734375711,0.2777843489021537,0.012782376304496927,-0.03291760027358852,0.652196450121571,-0.04115791680853534,-0.7562164259574523
1592228777.9683747,0.005049233846673314,0.2759642458904081,0.012770014800453745,-0.03334016368034613,0.6519661793917501,-0.04163651020841874,-0.7563694740801773
1592228777.9783747,0.005272690325821385,0.27396898702594363,0.012755066791098477,-0.03383191215558924,0.6517456781923517,-0.04202427975447287,-0.756515997196455
1592228777.9883747,0.0054936968995677425,0.271865286973666,0.012737981880774097,-0.0342271196351814,0.6516476772029304,-0.042504916473293144,-0.7565554988700334
1592228777.9983747,0.005695142709233476,0.2698462799869939,0.01273353806603672,-0.03458504648753523,0.6514952079527625,-0.04288038498615025,-0.7566499247861206
1592228778.0083747,0.005889579025690855,0.26789731940626577,0.012719828006585146,-0.03493544040553129,0.6512900347467371,-0.043189868687849534,-0.7567935717176818
1592228778.0183747,0.006090097308556723,0.2658900191565571,0.01270679867906955,-0.03525921842310525,0.6511757526477538,-0.043496989408984665,-0.756858566422593
1592228778.0283747,0.006296719586615759,0.26386902333533174,0.012696109794552804,-0.035560909736647495,0.6510792029752733,-0.04379200341754288,-0.756911071969443
1592228778.0383747,0.006513473184647446,0.2617588256817012,0.012685384318948466,-0.035839482901541424,0.6509879233782447,-0.04406368024868207,-0.7569604503834162
1592228778.0483747,0.006734443749665153,0.2595646239423163,0.012676388826099914,-0.03606479843386829,0.6509011134570787,-0.0443210162992936,-0.7570095268561476
1592228778.0583746,0.006952644069980348,0.2573075944562314,0.012665272772277768,-0.03624463213514268,0.6508505694791169,-0.04452851107863064,-0.757031757886976
1592228778.0683746,0.007171178128160703,0.2549627810728095,0.012647737581427076,-0.03639416689328406,0.6509151981007933,-0.044633906377472284,-0.7569629633646218
1592228778.0783746,0.0073722446488828685,0.25277671516169486,0.012629052966832281,-0.03648745291400838,0.6510282430525657,-0.04473407265450697,-0.7568547569474343
1592228778.0883746,0.007570628385669763,0.25066344558207,0.012623705945647242,-0.03652889713355012,0.6510980652833228,-0.04486208209630095,-0.7567851641926019
1592228778.0983746,0.007827884410887699,0.24817194323524597,0.012591416860675796,-0.03669300798114609,0.6512350292642023,-0.04486225805705682,-0.7566599574338876
1592228778.1083746,0.008086008223860703,0.24589577737094553,0.012571926403234348,-0.03670576636273462,0.6512157242755227,-0.04503908417442388,-0.7566654859980161
1592228778.1183746,0.008362377572395087,0.2434935460686145,0.012544869125897827,-0.03681660875981579,0.6511761924915864,-0.04506486345257425,-0.756692205005609
1592228778.1283746,0.0086247907924789,0.24120172224775777,0.012524086654287342,-0.03683418564074328,0.6510723161040606,-0.0451258598970406,-0.7567773353833448
1592228778.1383746,0.008899136807210061,0.23871453625572012,0.01250249282149432,-0.0368140304838506,0.6510379176791922,-0.04515163110217429,-0.7568063079301245
1592228778.1483746,0.009172424651820216,0.23610455296878066,0.012471354963924127,-0.036856930816906296,0.6509367198412201,-0.04508774328296299,-0.7568949777003922
1592228778.1583745,0.0094091686029363,0.23377529160358063,0.012452508251616702,-0.036812476181048014,0.6507999115296069,-0.04512616553243086,-0.7570125782622709
1592228778.1683745,0.009663208106443775,0.23137210291447485,0.012435057492055002,-0.03681238311268418,0.6508681008236066,-0.04511614933805254,-0.7569544089439462
1592228778.1783745,0.00992249255406607,0.2290491449391572,0.012417719148274895,-0.03681395822405464,0.650980819845133,-0.045186639690266,-0.7568537449939661
1592228778.1883745,0.01019993719349907,0.22669164757154397,0.012404536229124909,-0.0367922451736036,0.6510120074252252,-0.04527125556891893,-0.7568222436885585
1592228778.1983745,0.010506045106927864,0.22421533038279212,0.012382968069123987,-0.036747712212293816,0.6510844930104842,-0.045320287787706186,-0.7567595774195849
1592228778.2083745,0.010798526288186268,0.22188339815491753,0.012377270952156325,-0.0365754622806673,0.651123,-0.04541861517748819,-0.756729076897186
1592228778.2183745,0.01109989359207307,0.21949037097386648,0.012371755930120463,-0.03634006110724446,0.6511000058756966,-0.04543067097551083,-0.7567589917740248
1592228778.2283745,0.011431920436849027,0.21686075437697572,0.01237102925901067,-0.03593950456325725,0.6510671949831002,-0.04533762143747075,-0.7568114880270397
1592228778.2383745,0.011787793438670103,0.2140545755490051,0.0123709151134153,-0.03549034207736017,0.6510562845347283,-0.04515404928573038,-0.7568536142267365
1592228778.2483745,0.012154477566227957,0.21119496685143818,0.012365874784508499,-0.03501989035615932,0.6511181168630701,-0.044895063429463124,-0.7568374117973721
1592228778.2583745,0.012535017871797505,0.20828697819972014,0.01235539974830354,-0.0345481367620058,0.6511431243570389,-0.04459192707984822,-0.7568561192133502
1592228778.2683744,0.01293260459346888,0.20529105392347663,0.012332923401718045,-0.0341313355165283,0.6511099755721381,-0.04425393812115295,-0.7569229161208679
1592228778.2783744,0.013333734493563952,0.20229320777533014,0.012304289986173698,-0.03377675679178222,0.6510514301959133,-0.04393839229383297,-0.7570076272898053
1592228778.2883744,0.013733363430635682,0.19930329941270924,0.012278687449878926,-0.03340925308998057,0.6510222794196798,-0.0436778809781258,-0.7570643293927685
1592228778.2983744,0.014140497101287529,0.1962292626030729,0.012253588658062498,-0.03303057735098779,0.6510691001371824,-0.04344201558994088,-0.7570540507109058
1592228778.3083744,0.014534215658140332,0.19315345272927348,0.01222332338181793,-0.03265623825293706,0.6511604001962992,-0.043149918292196894,-0.757008
1592228778.3183744,0.014864581007845674,0.19033322781915196,0.012180086718539198,-0.032313294601417394,0.651195031599782,-0.042768536701471904,-0.757014636085761
1592228778.3283744,0.015219811729895555,0.18730857988905283,0.012135127858209204,-0.03195165429793928,0.6511854893056703,-0.0424312300291248,-0.7570575582719069
1592228778.3383744,0.015584430787067073,0.1841844967670951,0.012094345079008372,-0.03168685293008964,0.6510831501409888,-0.04212949686609615,-0.7571738575995327
1592228778.3483744,0.015950078442090232,0.18098680858487373,0.012043185511504942,-0.03156620884810494,0.6509489692905102,-0.041874041769620986,-0.7573085515943003
1592228778.3583744,0.016289227854265412,0.1778842305949873,0.012010427051142268,-0.03150766436283316,0.650769142372661,-0.041815484041296494,-0.7574680189744378
1592228778.3683743,0.0166240031769141,0.17460075756391108,0.011976459990343061,-0.031569324497083155,0.6506576536988925,-0.04184486447112778,-0.7575600726800811
1592228778.3783743,0.016925869495602607,0.1713733199584021,0.011949570693497107,-0.03165287019492963,0.6505493230416209,-0.04197399915939713,-0.7576424190294441
1592228778.3883743,0.017209712171549558,0.16812913680270758,0.011923230076850975,-0.03173338797681641,0.6504984064740219,-0.04214198497102051,-0.7576727956069137
1592228778.3983743,0.01748133972698556,0.16489010965923526,0.011891379506529845,-0.03188159898958859,0.6504727994947943,-0.04220502527486835,-0.7576855096879703
1592228778.4083743,0.01774389809865073,0.16192383636218838,0.011861625844882557,-0.03200529510736423,0.6505038420556151,-0.04234155053854397,-0.7576455911580418
1592228778.4183743,0.018037522606112653,0.15883142525828378,0.011822220880749908,-0.03222288069726512,0.6505328432752279,-0.04241547765872372,-0.757608
1592228778.4283743,0.01833670626775475,0.15577395652577983,0.01178175328112607,-0.03247815057430333,0.6504921451201476,-0.0425220480445344,-0.7576255101543224
1592228778.4383743,0.018630909171354362,0.15278962269686433,0.011743621123506399,-0.03276468163223885,0.6504273295919403,-0.042675891238075185,-0.757659748803613
1592228778.4483743,0.018926643199496482,0.14975831943654538,0.011715367628779633,-0.03304704174967677,0.6504229788612498,-0.042869546968386366,-0.7576407369532261
1592228778.4583743,0.01921431995066479,0.14670589591933017,0.011686272010948412,-0.03333583334100856,0.6504358123603027,-0.04310960155079426,-0.7576040883010341
1592228778.4683743,0.019490256833946357,0.14367079567557947,0.011658419781466088,-0.033625211039501106,0.6503835034283181,-0.04334747600177376,-0.7576219470075455
1592228778.4783742,0.019759140861622428,0.14063642942183682,0.011624798838748852,-0.0339072674034297,0.6504536629738737,-0.04353226740342969,-0.7575385712033982
1592228778.4883742,0.020016553885244877,0.13767355294323286,0.011596384235423488,-0.03409555797846283,0.6505718413259799,-0.04371782650486121,-0.7574181586740201
1592228778.4983742,0.020272362283367134,0.13466887564582838,0.011564154106614672,-0.034290498376346956,0.650767728895785,-0.04381068689113011,-0.7572352757713989
1592228778.5083742,0.020518702826288607,0.1319116814802302,0.01154890074393851,-0.03441221285131839,0.6509780706685171,-0.0439669340518735,-0.7570403828649088
1592228778.5183742,0.02077445276914442,0.12928057615200042,0.01154051411244076,-0.03460292272102862,0.6511261755360709,-0.04401842190345361,-0.7569018486194166
1592228778.5283742,0.021047578771810543,0.1266042314414907,0.011536859600444633,-0.03474054811919738,0.6512140566756968,-0.04418307683823865,-0.7568096413080491
1592228778.5383742,0.02134975107077536,0.12378926827367215,0.011530799367929613,-0.0349314689493815,0.6512456327757732,-0.044299677992783566,-0.7567666553580412
1592228778.5483742,0.02165590445461762,0.12099002704573317,0.011531163731992037,-0.03506848166529394,0.65129788377855,-0.04449878060866589,-0.7567038564327756
1592228778.5583742,0.02197206733946531,0.11808087283901536,0.011529369156490915,-0.035188634329897175,0.6514260888075604,-0.044642270896907456,-0.7565790929089344
1592228778.5683742,0.022284320100951743,0.11518426258426866,0.01152615082383269,-0.03525856152434761,0.6515922142448886,-0.04474232105152017,-0.7564277376605459
1592228778.5783741,0.0225906637653358,0.1123249480964848,0.011526891517702814,-0.03520792500694986,0.6517872474770654,-0.04484369916365506,-0.7562561208530246
1592228778.5883741,0.022909316499327294,0.10938241327497411,0.011521468410609245,-0.03508640347527386,0.6519916710903169,-0.044801705730206996,-0.7560875486138854
1592228778.5983741,0.023228123117056194,0.10648399480283398,0.0115136203703643,-0.03487541428672799,0.652116216255843,-0.04467654495148172,-0.7559976576356428
1592228778.608374,0.023574269514902612,0.10343351271151546,0.011492899639789148,-0.03463488651865756,0.6521325424942501,-0.0444620201070171,-0.7560069595409528
1592228778.618374,0.023947651725924547,0.1002704332635156,0.01145247122881351,-0.03434863931488841,0.652035835364528,-0.0441906782936896,-0.7561194008195465
1592228778.628374,0.024300774636502685,0.0972807139781734,0.011417138534759256,-0.034041848582014825,0.6518076411078587,-0.04390431556010466,-0.7563467598264109
1592228778.638374,0.024649058028831453,0.09427080905108598,0.011383873216802193,-0.03370672640011061,0.6516200871297062,-0.043649244237428275,-0.7565379548571033
1592228778.648374,0.024992755229850946,0.09120257551951298,0.011351966684338431,-0.03336735676519618,0.6515341763631365,-0.04337443494584811,-0.7566424729300519
1592228778.658374,0.0253238145140835,0.0881838748621824,0.01131667247077501,-0.03304354020331937,0.6515276935524299,-0.04308606713085769,-0.7566790403286447
1592228778.668374,0.02564881766600829,0.08521376277768462,0.011284830149527782,-0.032740724090348776,0.6515190843865712,-0.042786793310294856,-0.756716419405085
1592228778.678374,0.025971911003729104,0.08230949412919078,0.011248502626005264,-0.03245567242417009,0.6515427770254703,-0.042472723089727084,-0.7567264391782922
1592228778.688374,0.026294324391323915,0.07952238335469586,0.011217948905630597,-0.032117920131552104,0.651500083020417,-0.04217193334245556,-0.7567942226394441
1592228778.698374,0.026647676405754838,0.07657515682567845,0.011178707227809065,-0.03182744214174761,0.6514870099418856,-0.04177207953508455,-0.7568406489922035
1592228778.708374,0.027004615836135212,0.07362682417581407,0.011154283563165198,-0.03152259997910925,0.6514395459448167,-0.04141337295151761,-0.7569134418948561
1592228778.718374,0.027349074235101054,0.07078049784583346,0.01112854973744174,-0.03125583689138177,0.6514337192672106,-0.04111745331616513,-0.7569453687934727
1592228778.728374,0.027680373524459224,0.06802601454439111,0.011115616804037613,-0.030956330927406763,0.6513820663614479,-0.040941595493365616,-0.7570122071819563
1592228778.738374,0.028026747918011997,0.06510420825278677,0.01109448388336402,-0.030726096522156503,0.6513437131542775,-0.04072150365020835,-0.7570658023760173
1592228778.748374,0.028352669814329035,0.06234681764143027,0.011081846985794478,-0.03037452363990831,0.6513087768494163,-0.04053523649900335,-0.7571204390666098
1592228778.758374,0.028698940118388312,0.059493173674454454,0.01106080834881068,-0.030018588587427893,0.6512913412243513,-0.04026408572155813,-0.7571642179582833
1592228778.768374,0.02903987279075797,0.05680219941173736,0.011043197305812165,-0.02951576987177124,0.65125396971997,-0.04005213604442265,-0.7572271861143287
1592228778.778374,0.02942422617730901,0.05387759162874824,0.011024855714889533,-0.02902303449305511,0.651234726971049,-0.03966869438847625,-0.7572828814360414
1592228778.788374,0.02982465166223924,0.05086864891459299,0.010994507288851652,-0.028598966509057487,0.6512764809047925,-0.039263167596170545,-0.7572839898649621
1592228778.798374,0.030214471911275267,0.04789816951834754,0.010971809262615819,-0.028180034223871487,0.6512230314511332,-0.03892392044122912,-0.7573633293260364
1592228778.808374,0.030617171429585522,0.04460068885946454,0.010938116665664663,-0.027791311304648212,0.6511265688695351,-0.03864692810451003,-0.7574748862260929
1592228778.818374,0.03100431501871879,0.04130182643873745,0.010911374180718242,-0.027389319735062374,0.6512126839269344,-0.038441189419929585,-0.7574265102745408
1592228778.828374,0.03137365161136463,0.03809591330683142,0.010884318867255924,-0.02700141062983692,0.6514069606543244,-0.038250705314918455,-0.7572825470898229
1592228778.838374,0.03172047708173378,0.035040673743269406,0.010853345406240122,-0.026583462214418794,0.6516751569735847,-0.038022363374993144,-0.7570784040721489
1592228778.848374,0.032065477278079305,0.0320078204653542,0.010817727834904542,-0.02617550881692313,0.6519387112238949,-0.037729650525883715,-0.7568797922348443
1592228778.8583739,0.032409758053093235,0.02895832411404672,0.010778912773102915,-0.0257686958992065,0.6521631508361934,-0.0374628102405549,-0.7567139586483417
1592228778.8683739,0.03274678681333378,0.025905585352266912,0.010747616546911828,-0.025356310727238804,0.6522555603251287,-0.03724252984503345,-0.7566591525696346
1592228778.8783739,0.03307327639553725,0.022838570918866447,0.010723034917285287,-0.02499039386580231,0.6523521785539709,-0.03710182771426258,-0.7565941057084279
1592228778.8883739,0.033387630961786915,0.01985053802101588,0.010711717346190945,-0.024631138794602065,0.6525422368887005,-0.03705967196041283,-0.7564442334170947
1592228778.8983738,0.0337114576808452,0.016845856175204333,0.010701183118795523,-0.024351580267012608,0.6527437813169149,-0.03707802010499023,-0.7562787544082957
1592228778.9083738,0.03402896263879058,0.013812729453202539,0.010710523955517064,-0.02410199300613896,0.652875320029925,-0.03716632002992499,-0.7561687292054481
1592228778.9183738,0.03435206415855096,0.010845191100374688,0.010721946974623368,-0.023827400974292777,0.6529421423456352,-0.03727131612471397,-0.7561145083059302
1592228778.9283738,0.03469739475308353,0.007821969479852761,0.01072667795481467,-0.023577626304794867,0.6529930175329984,-0.037303,-0.7560772652064663
1592228778.9383738,0.03506535303763567,0.004699827247842076,0.010722237895812775,-0.023338413690361368,0.6531259544432597,-0.03728401328738259,-0.7559710360657528
1592228778.9483738,0.03543909662591551,0.0015589079201987935,0.010709870656046262,-0.023088838830754098,0.6531279594006386,-0.0371672792827315,-0.7559824005895357
1592228778.9583738,0.0358200050454089,-0.0016879063655255583,0.01068897921245198,-0.022924826585597285,0.652943303528266,-0.03700744338543748,-0.7561541706002797
1592228778.9683738,0.03619881745285565,-0.0049382907743397595,0.01065036869664348,-0.022914237438637616,0.6527678463037783,-0.036834936615646276,-0.7563146620704634
1592228778.9783738,0.03657782225058735,-0.008148106816531301,0.010592518144623276,-0.023042848737550012,0.6526156741518254,-0.03662735839910857,-0.756452064403487
1592228778.9883738,0.03696725380513328,-0.01138712646319734,0.010504858805825357,-0.02342214476631301,0.6523468322454573,-0.0363249849325787,-0.756687106710662
1592228778.9983737,0.03735847387853234,-0.014532460706437569,0.010391344287854834,-0.02392287608403133,0.6519136260748475,-0.03591802460754459,-0.7570639538036675
1592228779.0083737,0.037760196795346174,-0.01766922347088318,0.010263405579902336,-0.024541313338224312,0.6513455948190412,-0.03543988925225508,-0.7575558915855162
1592228779.0183737,0.03812207465235501,-0.02052397012215704,0.010196110349828568,-0.024784711976884016,0.6509448414191655,-0.03553522977556718,-0.7578881100362843
1592228779.0283737,0.03847449602486944,-0.023427580380645057,0.010149336827330411,-0.025149533990325573,0.6506692708666065,-0.03560672913339348,-0.7581090128326637
1592228779.0383737,0.0388041086271042,-0.026330684291493895,0.010111077562357072,-0.025364349617471915,0.650591800340025,-0.03587148672431805,-0.75815571851092
1592228779.0483737,0.039137299842762166,-0.02938656782951965,0.010073889123770881,-0.025653763761766556,0.6505727088260463,-0.03598213478148822,-0.7581565557326513
1592228779.0583737,0.03944546468461266,-0.03222646230893562,0.010028829270982422,-0.025978616371023912,0.6505558175459515,-0.03612966549326774,-0.7581537976593168
1592228779.0683737,0.03974342088015809,-0.034784830166571495,0.009996497369851736,-0.026298097214526188,0.6504025886358943,-0.036329578902761214,-0.7582648376932773
1592228779.0783737,0.04007147690328091,-0.03735423201197556,0.009955716368034058,-0.026654049542604676,0.650286921197187,-0.036518379883334055,-0.758341988196042
1592228779.0883737,0.040415739683592654,-0.03983629827651774,0.009922449607367217,-0.026934775382444886,0.6500704426938677,-0.03671058153683367,-0.7585086679795993
1592228779.0983737,0.040794194254224446,-0.04246827052136805,0.009886140585693075,-0.027139269717793835,0.6498804148242033,-0.03691659306157925,-0.7586538485822946
1592228779.1083736,0.041198590401956864,-0.04529270383695378,0.009847520342196039,-0.02727257498203675,0.6496974297383337,-0.03702059858388887,-0.7588011759261108
1592228779.1183736,0.041607439728408635,-0.04840038656873714,0.009828188175049105,-0.027279466699346302,0.6496423470077091,-0.03708845125439928,-0.758844652992291
1592228779.1283736,0.042002409411619264,-0.05152807391998161,0.00981272076474717,-0.027203557560762016,0.6496863702518053,-0.0370657268228605,-0.7588105793431146
1592228779.1383736,0.04238387061406285,-0.05466169741440616,0.009787286492879074,-0.027103648834018453,0.6498637691370844,-0.036991538274168914,-0.7586665771572888
1592228779.1483736,0.04276363132387107,-0.05778071950458417,0.009771860261148315,-0.026961927111807636,0.6498607152587949,-0.036859035934342275,-0.7586800894073494
1592228779.1583736,0.04315105439185571,-0.06087782914052801,0.009732522192750016,-0.026904022707100694,0.6498537157478842,-0.03662239267002483,-0.7586991582447007
1592228779.1683736,0.04353673747369081,-0.06382950350980629,0.009713471506976247,-0.026687584468642295,0.6496945844686423,-0.03647827111714159,-0.7588502275204573
1592228779.1783736,0.043916579489820605,-0.06664678185350707,0.009690768367122756,-0.026511050329614164,0.6495080574182922,-0.03617313468488297,-0.7590309425817078
1592228779.1883736,0.044278245717397205,-0.06938408563187405,0.009671647900582319,-0.026189572069159034,0.6493439945716128,-0.035961021308859475,-0.7591931391146197
1592228779.1983736,0.04465198705254334,-0.07238932181171151,0.009644687898990718,-0.02590796447282962,0.6492132159686276,-0.03560865529187743,-0.7593304147032678
1592228779.2083735,0.04495101228614016,-0.07544226022686282,0.00961877825966817,-0.02553680547016152,0.6491271514106481,-0.0353957513244327,-0.7594273758777547
1592228779.2183735,0.04523270664637763,-0.07848842443611366,0.009611582397021553,-0.025101236831210457,0.6491467028156344,-0.03514286568745909,-0.7594362009968703
1592228779.2283735,0.04551382376061649,-0.08151553475003792,0.00958051986263356,-0.024779120028797546,0.6493125799892009,-0.034800886689464725,-0.7593212800071993
1592228779.2383735,0.045815417748143704,-0.08451985481863941,0.009554281678099349,-0.02439030506166496,0.6492978286310493,-0.034463381283607694,-0.7593615523047702
1592228779.2483735,0.04613862404180021,-0.08747432893465386,0.009517790847318986,-0.024014347893631632,0.6491805457527569,-0.03402588163475064,-0.7594933208119634
1592228779.2583735,0.046436182605783353,-0.09003084790930982,0.009489644247786973,-0.023563723477283995,0.6490196152392175,-0.03359749952745663,-0.7596638802508632
1592228779.2683735,0.046751276641118986,-0.09273213586453385,0.00946685072250484,-0.02307303928384303,0.6489182569566079,-0.033181698856966764,-0.7597845335506241
1592228779.2783735,0.04706754823811245,-0.09557411808884511,0.009447081196298368,-0.02258370151850625,0.6488187330459436,-0.032788965448496965,-0.7599007179256151
1592228779.2883735,0.047366738905069934,-0.09843250022642423,0.00942819705167816,-0.02210057994294818,0.6488099902629623,-0.03243290818035748,-0.7599378233688905
1592228779.2983735,0.04764833906413173,-0.10123664261976895,0.009407080458795864,-0.021685461391485295,0.6488297743447375,-0.03206083210707711,-0.7599486749495952
1592228779.3083735,0.04795392182557498,-0.10412602833417578,0.009403407619063924,-0.021296438695340827,0.6487626220261041,-0.03178808373499278,-0.7600283779738959
1592228779.3183734,0.04826325144661423,-0.10686176257204462,0.009386773037946205,-0.021055740957693175,0.6485267865323782,-0.03145423463581445,-0.7602504278162664
1592228779.3283734,0.04856322459255462,-0.10935972204868918,0.009375460102661208,-0.02076287262073006,0.6481708750760848,-0.031195506752225696,-0.7605717170048799
1592228779.3383734,0.04890224508695599,-0.11209085473274875,0.009363681108487544,-0.02050929503225454,0.6477346079222785,-0.030914636260256596,-0.7609624010066062
1592228779.3483734,0.049249440540404824,-0.1149181422827846,0.009342648958654507,-0.020294287838364927,0.6473676894956926,-0.03055614842816358,-0.7612948515718364
1592228779.3583734,0.04957247659244865,-0.11764905250735697,0.009340691675446242,-0.01992887837415148,0.6470636959429159,-0.030307986482667002,-0.7615727432460442
1592228779.3683734,0.049906836377016615,-0.12067052888080837,0.009328792485602692,-0.01965333229696027,0.6469715761188223,-0.029914699326641987,-0.7616731541386101
1592228779.3783734,0.05020355786307184,-0.12359745169003573,0.009321903519326645,-0.019281930639208834,0.6470040960283786,-0.02964507794393339,-0.7616654238297285
1592228779.3883734,0.05048480690348055,-0.12658371653257472,0.009312206536124844,-0.019011816705914907,0.6470220305490142,-0.029302415700770083,-0.761671041376679
1592228779.3983734,0.05073834599714682,-0.12934585777196336,0.009299709739586786,-0.01875014154507921,0.6469888388180163,-0.02905606236345452,-0.7617145746365198
1592228779.4083734,0.05098597631463739,-0.13202658140985454,0.009298044892946746,-0.018496379590391233,0.6468349102032646,-0.02885916244779805,-0.7618589779599629
1592228779.4183733,0.05124167070350809,-0.1348229100439601,0.009288385250809486,-0.018269284830245147,0.6466473095560598,-0.028675553968582557,-0.7620306276763092
1592228779.4283733,0.05149095898247424,-0.13765289678414194,0.009249465646431003,-0.018092244410847377,0.6464591852244164,-0.02842281030426147,-0.762204877155816
1592228779.4383733,0.051713186781249296,-0.1404878965226183,0.009227814047364225,-0.017835938271881784,0.6463089326602347,-0.028329651755932196,-0.7623407752121686
1592228779.4483733,0.051910535487518866,-0.14351922327557137,0.009195529372419192,-0.017702990780991638,0.6462337767959649,-0.028167276604618315,-0.7624135178639767
1592228779.4583733,0.052069524598594395,-0.14656264261963192,0.009161531866046492,-0.017536737914724706,0.6461759606547494,-0.02804992998075591,-0.7624710393452506
1592228779.4683733,0.0522016751465462,-0.1495918841900909,0.00913175567107354,-0.017380087618614808,0.6461885617554027,-0.027930023902873274,-0.7624682191222986
1592228779.4783733,0.052313432415110585,-0.1524318314665546,0.009114060551657612,-0.017256877403693777,0.6461832869434803,-0.027864576543257608,-0.7624785347923898
1592228779.4883733,0.052426549635637004,-0.15518239199095532,0.009084763888825408,-0.017268194421134524,0.6462200682938358,-0.027803873872701237,-0.7624489317061642
1592228779.4983733,0.05255084041935539,-0.1577598473439439,0.009055658341154389,-0.017336809327020825,0.6461714273192525,-0.02776811832313668,-0.762490271126244
1592228779.5083733,0.05268683999218781,-0.16073057845154393,0.009036353377297576,-0.017456537268787573,0.6460217842696979,-0.027823800034544696,-0.7626121451339386
1592228779.5183733,0.05281535618931948,-0.16352178188474573,0.009017965778118876,-0.017604917109531076,0.6457196251471296,-0.027965060250740074,-0.7628589288351085
1592228779.5283732,0.05293690853573836,-0.16643238575725222,0.00898955091811148,-0.01783245237389587,0.6455031517618985,-0.028047784300724885,-0.7630343690652603
1592228779.5383732,0.05303307938260325,-0.16914297994053376,0.008988417272458723,-0.017866664404358384,0.6454010246075689,-0.028265819544495252,-0.7631119671899083
1592228779.5483732,0.05312550444165831,-0.1721695041689458,0.008974160911084517,-0.017955786674956144,0.6454381704026072,-0.02828890967199808,-0.7630767584890448
1592228779.5583732,0.05320174478383289,-0.17504501994542324,0.008964828866207954,-0.017971104952298433,0.6454163989574109,-0.028269942310905065,-0.7630956010425891
1592228779.5683732,0.05327558048357178,-0.17785690383655606,0.008948860539501257,-0.017976064933537324,0.6454207372616797,-0.028263689312569448,-0.7630924265742491
1592228779.5783732,0.05335354392270606,-0.1806783180105875,0.008926380636290253,-0.018043063195675318,0.6453411017920789,-0.02816541946795137,-0.7631614379174052
1592228779.5883732,0.05343290822419155,-0.18319767698128836,0.008919796952499986,-0.017917190904550077,0.6452186645303748,-0.02830972787781639,-0.7632627468573384
1592228779.5983732,0.05353345010696646,-0.18612943151639486,0.00889585281617096,-0.018061681258234964,0.6449905991578743,-0.028222839266855218,-0.7634556407034226
1592228779.6083732,0.053622954399630586,-0.18888387663239548,0.00887010174768826,-0.018176675517160016,0.6448905790366859,-0.02829390907692356,-0.7635350251621306
1592228779.6183732,0.053720304943810686,-0.191653275821557,0.008845672733227929,-0.018384486493814443,0.6446862421573746,-0.028260921618934703,-0.7637034427066598
1592228779.6283731,0.05381357095162058,-0.19437313101473072,0.00881928440094655,-0.018572331150521846,0.6446765118268043,-0.028304378457739254,-0.763705464519587
1592228779.6383731,0.053901836398904314,-0.1971843406488842,0.008794717693677966,-0.0187759372687701,0.6446461092250556,-0.028312080442825387,-0.7637254309963571
1592228779.6483731,0.053973799396143794,-0.19994507066174627,0.008769665220610531,-0.018954493754076172,0.6446996352814824,-0.028347300494815535,-0.763674772448888
1592228779.658373,0.05403553960767193,-0.20262148964228335,0.00874784777481765,-0.019113443829870326,0.6447597117672941,-0.02837866779418235,-0.7636192916152531
1592228779.668373,0.054092139791627226,-0.20512016987906487,0.008731369000739009,-0.019272320434862517,0.6448818259585907,-0.028443135345996906,-0.7635097486263969
1592228779.678373,0.05415575309831696,-0.20760877895336216,0.008720342607846907,-0.01947474094028072,0.6448705209244904,-0.028526380231122597,-0.7635113802311226
1592228779.688373,0.054217852717388874,-0.2102003851433984,0.008699075224358123,-0.01975806188272242,0.6448440314435532,-0.028650749455958743,-0.763521249874452
1592228779.698373,0.05427223852886108,-0.21266338298584553,0.008683715368786695,-0.02002372581971577,0.6447957550727359,-0.02881984993216918,-0.7635487031619811
1592228779.708373,0.05432543946601895,-0.21520778672777388,0.008656171670286586,-0.02028929438621362,0.6448023335724143,-0.02901967073104453,-0.763528874551723
1592228779.718373,0.054383177140634995,-0.21762051024164714,0.008613919002168225,-0.020472521745187464,0.6448103134488663,-0.029187515672443314,-0.7635111708786905
1592228779.728373,0.05444562117237275,-0.2201236180525982,0.00855359507124353,-0.020666632776136392,0.6448796145671717,-0.029231882244798016,-0.7634453854328282
1592228779.738373,0.05450592090431922,-0.22228299891251674,0.008511372961669799,-0.020690802145808384,0.6448644256146026,-0.029328,-0.7634532377291507
1592228779.748373,0.05458224314557244,-0.2246621347574236,0.008458448044259563,-0.020781620174895734,0.6448856491433953,-0.029260931328631008,-0.7634356094405258
1592228779.758373,0.05466354705968597,-0.22689240176387096,0.008404574769909011,-0.020866772635279782,0.6448591442951478,-0.02923293503865137,-0.7634569206662009
1592228779.768373,0.054753341795547465,-0.22903816043217967,0.008359312368134059,-0.02097374146758483,0.6447673430870596,-0.02925894634612422,-0.7635307170748878
1592228779.778373,0.054853643367260584,-0.2312326371277898,0.008316556962152484,-0.021093194298699894,0.6446626591812067,-0.029363756012129236,-0.7636118775284235
1592228779.788373,0.05496057989543395,-0.23350227343319913,0.008271782024709969,-0.021247905300481262,0.6444824509308821,-0.029462033366465173,-0.7637552782150772
1592228779.798373,0.05509695523983531,-0.23587829727358872,0.008241553248225135,-0.021370885779317582,0.6443109806876769,-0.02953083383251379,-0.7638941854798093
1592228779.808373,0.05523644457365689,-0.23819135497700333,0.008222535220073554,-0.02141016904942765,0.6442423086622835,-0.02954013961285588,-0.7639509192602877
1592228779.818373,0.055371349051198976,-0.24055583632850333,0.008200591976878653,-0.021404201903175147,0.6442444994605346,-0.029447522613507925,-0.7639525078974796
1592228779.828373,0.055492802154511946,-0.24273820611936908,0.008181273566864062,-0.02126932652619952,0.644342142859448,-0.029402775506581696,-0.7638756938758386
1592228779.838373,0.05561769620297997,-0.24497622250774823,0.008163984097976928,-0.021131099396180787,0.6444544503019096,-0.029298881268968072,-0.7637882823264415
1592228779.848373,0.055742581466804206,-0.24728279174789544,0.008143800027146202,-0.020994638063665555,0.6445141533554342,-0.02923834358621218,-0.763744171793106
1592228779.858373,0.055858966014992704,-0.24962630478191414,0.008121007701581445,-0.02087598721005733,0.6445950122198942,-0.02918597613026026,-0.7636815902240848
1592228779.868373,0.055961707678657664,-0.2518445518094703,0.008109896604692466,-0.020720038336397413,0.644599554167363,-0.029162401676973117,-0.7636836241656917
1592228779.878373,0.05606649079793809,-0.2542276697919762,0.00809029592607126,-0.02069690817611227,0.6446273216815483,-0.029010299172488242,-0.7636660231049426
1592228779.888373,0.056153180076487286,-0.25628712560269845,0.008078382580697076,-0.020602366794348397,0.6446304759549021,-0.028984515267589453,-0.7636662270986159
1592228779.898373,0.0562555113288583,-0.2585374164664322,0.008054146633030976,-0.02060006656521122,0.6445260665652113,-0.028795946050822356,-0.7637619889057982
1592228779.9083729,0.0563562016073908,-0.26066731377267344,0.00802086779694824,-0.020565612126174675,0.6445044180373876,-0.028679343387854085,-0.7637856267523325
1592228779.9183729,0.05644466061528691,-0.2625678385477247,0.008013199496685792,-0.020576607563481047,0.6443946381606105,-0.028608515298564743,-0.7638805666094657
1592228779.9283729,0.056523707870406496,-0.2644489718703699,0.008009986819271226,-0.02070344081572211,0.6443283489061915,-0.02864339252502808,-0.7639323878531706
1592228779.9383729,0.05660302547388582,-0.2663221046238217,0.00801525566479747,-0.020828633173376597,0.6442296106955004,-0.02881473160663099,-0.7640048658033155
1592228779.9483728,0.05668723054462898,-0.26829862685819833,0.00801486107439399,-0.021135979483559313,0.6441903107450262,-0.02896441684774818,-0.764024
1592228779.9583728,0.056777371233721986,-0.2703341993324707,0.008010915919616252,-0.02155833861525886,0.6440957552402814,-0.029148033349991,-0.7640857583374978
1592228779.9683728,0.05686752144432241,-0.27223741037297766,0.008009011034935811,-0.02202507285385731,0.6441409588713389,-0.029392985897868786,-0.7640240411286611
1592228779.9783728,0.05696116155645085,-0.2740313391527957,0.008017991260376613,-0.022398041691959362,0.6444119519405873,-0.029728369890861674,-0.7637721115221185
1592228779.9883728,0.05707200727705584,-0.2760529229384913,0.008019472330738894,-0.02280644938065322,0.6446608506351381,-0.029959850635138095,-0.7635409786105919
1592228779.9983728,0.057180287802810294,-0.2779587724824501,0.008017889491450684,-0.02320475453742429,0.6448476913539125,-0.03014475194461041,-0.7633637742080326
1592228780.0083728,0.057279668350950066,-0.27971613516434674,0.008048824234998909,-0.023480686456754978,0.6449635256439528,-0.030441124556341917,-0.7632459706926255
1592228780.0183728,0.057393345411481105,-0.2816662660512926,0.008078166087155567,-0.023897989966639256,0.6450630008118012,-0.03061813390920454,-0.7631416738967747
1592228780.0283728,0.05749736227123291,-0.28345963717725703,0.008112767205845462,-0.024297332956630724,0.6451629736893469,-0.030962761878830677,-0.7630305394659797
1592228780.0383728,0.057609601543247985,-0.2853398705560611,0.008147178708117087,-0.024802067934041414,0.645224997570402,-0.03131130579788922,-0.7629477184507395
1592228780.0483727,0.057718329607393315,-0.2870803274271785,0.008185926876090205,-0.025292465312370366,0.6451963755092784,-0.031726128983710834,-0.7629386310208247
1592228780.0583727,0.0578378202540112,-0.2889654892625575,0.008226609911500685,-0.02581035750964131,0.645171789530245,-0.032137563513504504,-0.7629254832947236
1592228780.0683727,0.05794825757039337,-0.290858830916215,0.008273648892598608,-0.02625571511544192,0.6450501483932434,-0.03257874448939883,-0.7629932777909997
1592228780.0783727,0.058047778918643635,-0.29282262543914916,0.00832252057321527,-0.026680381362930935,0.6448773110399765,-0.03290889918907768,-0.7631110781903546
1592228780.0883727,0.058131283918934476,-0.29481011857193107,0.008369571387019256,-0.02702424213924497,0.6448513634429623,-0.03318185410369429,-0.76310883163852
1592228780.0983727,0.058206444736791825,-0.2966279639827222,0.008414040686175779,-0.027236642993964433,0.6448257120634178,-0.03348915369498238,-0.7631093190653094
1592228780.1083727,0.058305167171973975,-0.29858510835915114,0.008418210448763404,-0.027560914529169703,0.6447231032217939,-0.033595750492598185,-0.7631799829058339
1592228780.1183727,0.05840767125291916,-0.3005179295978455,0.008421737775262329,-0.02779739627881699,0.6445689280234612,-0.03373283779059611,-0.7632961440696071
1592228780.1283727,0.05850761669089257,-0.30228282617012003,0.00843211245474485,-0.02800914823751492,0.6444150369832434,-0.03382407410704434,-0.7634140370769484
1592228780.1383727,0.05860490090728529,-0.3040930940310118,0.008438041691117368,-0.028224288614157975,0.6443047496021336,-0.03385421218157489,-0.7634974625794413
1592228780.1483727,0.05868154901275338,-0.30566894106047576,0.008453099192274535,-0.028327870578854115,0.6442092652730493,-0.033967987138484694,-0.7635690502413682
1592228780.1583726,0.05874815420066841,-0.30730736750775367,0.00848098882787962,-0.028387572549860615,0.644101415676603,-0.03405518042033064,-0.7636538666738153
1592228780.1683726,0.058800581979294705,-0.309025602476094,0.008506919813034123,-0.028428424263969528,0.6440245347327436,-0.034081137240960895,-0.7637164242639695
1592228780.1783726,0.0588390934177075,-0.31070190241811135,0.008535399205852107,-0.02841296663293748,0.6440030333670625,-0.034113066734125036,-0.7637337384304038
1592228780.1883726,0.058878159123540635,-0.31229347619611525,0.008556540994945504,-0.02847483049795171,0.6440382675311789,-0.034001562966772925,-0.7637067433609468
1592228780.1983726,0.05892300753536453,-0.3135927403290221,0.008567651457676335,-0.028517756171878118,0.6440344822829818,-0.033935368428813784,-0.7637108130989622
1592228780.2083726,0.05897631905847744,-0.3150803594136156,0.008548367799988386,-0.028576670793528675,0.6439131214789956,-0.03385122459492322,-0.7638147892812833
1592228780.2183726,0.05903564934604253,-0.3163490768711764,0.008533895863206768,-0.02861747232846897,0.6437127674068758,-0.03382764575364827,-0.7639828709507794
1592228780.2283726,0.05910060390870965,-0.31764012211085485,0.008516848382308529,-0.028687385750625453,0.6434808624716544,-0.033750699181637936,-0.7641800394470616
1592228780.2383726,0.05915755950037634,-0.31888224132843374,0.008498299649839424,-0.028689300049590506,0.643300918829664,-0.03371269945450442,-0.7643330610017283
1592228780.2483726,0.059215323167585036,-0.32010750217413,0.008481331104953613,-0.028698436652761113,0.643124858893999,-0.03358191245409469,-0.7644859032053344
1592228780.2583725,0.059271855785268765,-0.321153783817638,0.008467109419655117,-0.028624896497887395,0.6429531401362953,-0.033475044595883637,-0.7646377722849941
1592228780.2683725,0.059339005263216615,-0.3221918225360958,0.008441969920410889,-0.02859432512333677,0.6427546798039067,-0.033245041052058624,-0.7648164827577617
1592228780.2783725,0.059408701724892175,-0.32317279015515915,0.008419846194655481,-0.02855179355728788,0.6425179516796591,-0.033075571007795464,-0.7650237977911127
1592228780.2883725,0.059480051917023324,-0.32411886645833843,0.008404750664443874,-0.028498598830888257,0.6422674509632665,-0.03297188287501433,-0.7652406910587966
1592228780.2983725,0.05953353756022902,-0.3250281747740246,0.008403576810624933,-0.02845983886042985,0.6420447698640962,-0.032897656131732005,-0.7654320689963336
1592228780.3083725,0.059575457216938826,-0.3261053873252135,0.008396832922532625,-0.028516359947068103,0.6418095364719061,-0.03278120371335548,-0.7656321299073692
1592228780.3183725,0.05958036861075121,-0.32715869926423174,0.00839990961055926,-0.028515922773343007,0.6418086737599782,-0.03281755214219481,-0.765631685315574
1592228780.3283725,0.0595425269889532,-0.3281734931925708,0.0084075479356515,-0.028538088640369743,0.6419602569466282,-0.03282367629698439,-0.7655035767146235
1592228780.3383725,0.059474140432223245,-0.32914417476294944,0.008412109441919105,-0.02852502098069946,0.6422207473298379,-0.03278989419473415,-0.765287013385954
1592228780.3483725,0.05939868315294953,-0.33005513267180864,0.008413468466382846,-0.028467329822592608,0.6424825498338147,-0.032640677069395115,-0.7650748533258519
1592228780.3583724,0.0593335723405243,-0.33089717402163243,0.008413332070661646,-0.028333979879907222,0.6427241276593946,-0.03246770952837891,-0.7648849246069824
1592228780.3683724,0.059280775207637804,-0.33168408291911106,0.008410622019663642,-0.028202078913842396,0.6428668827003327,-0.032255304944406905,-0.7647784861625689
1592228780.3783724,0.0592231197205289,-0.33244546177672185,0.008409980848732478,-0.028018645728763426,0.6429809004522204,-0.03212562869353225,-0.7646951820603279
1592228780.3883724,0.059149493652897345,-0.33320916721435484,0.008403305503746105,-0.02789188681740663,0.6431116562682825,-0.031942242660085926,-0.7645974825308802
1592228780.3983724,0.05905100191801551,-0.3339823171084509,0.008393641540490623,-0.027761622964917146,0.6434131244572886,-0.031745252577794314,-0.7643570809063112
1592228780.4083724,0.05892996399963039,-0.33472836130058753,0.008398263035721889,-0.027621850728376637,0.6437396837569535,-0.031613764057916695,-0.7640922905551353
1592228780.4183724,0.05883146962478995,-0.33540654144001913,0.008397277494993048,-0.027590139620777582,0.6441354838534552,-0.03147648867272152,-0.7637654827276247
1592228780.4283724,0.05874309854503382,-0.336016965195079,0.00840169266506983,-0.027558,0.6444368580806815,-0.031424574821396926,-0.7635143151187733
1592228780.4383724,0.05866082849868442,-0.33656790718031654,0.008408952272221888,-0.027581622296743158,0.6446488654846438,-0.031434244593486316,-0.7633337568120993
1592228780.4483724,0.058584683233530055,-0.33707891077059904,0.008416824832621052,-0.027624851949995186,0.6447581178166638,-0.031500918416662346,-0.7632378821833361
1592228780.4583724,0.058510458551852114,-0.33757264078019095,0.008422275973273495,-0.027706820962135705,0.6448073663415375,-0.03157054868572528,-0.7631899975202573
1592228780.4683723,0.05842962849031259,-0.3380555589730803,0.008431432913024173,-0.027750677147817412,0.6448995450607633,-0.031671576504215565,-0.7631065513740085
1592228780.4783723,0.05834397825200307,-0.3385306537232377,0.00844710446474772,-0.02776275283992051,0.644995449667981,-0.031763865256915734,-0.7630209099090939
1592228780.4883723,0.058262390170423256,-0.33900502531028054,0.008457034864796549,-0.027747451792830558,0.6451058308918135,-0.031781531045050854,-0.7629274742568221
1592228780.4983723,0.058197134551960315,-0.3394806709306399,0.008465576277019844,-0.027668503478390963,0.6451993073705199,-0.03174237505873755,-0.7628531047757673
1592228780.5083723,0.05815679982280213,-0.33989969848414536,0.00847587939006164,-0.027522099948898943,0.6452676190009256,-0.03166134933086508,-0.7628039025232366
1592228780.5183723,0.058134979886346784,-0.3402868259624382,0.008488779042409814,-0.02737318001835387,0.6452938916641174,-0.031548276677882924,-0.7627911325007648
1592228780.5283723,0.05811560359149487,-0.3406901207774471,0.008499717126597391,-0.027234736602392506,0.6452963380671741,-0.031487384333695835,-0.7627976619328258
1592228780.5383723,0.05809052419544226,-0.34111657397818607,0.008512810516860717,-0.027110058724103204,0.645278079847912,-0.031487537811575116,-0.7628176134347253
1592228780.5483723,0.05805796821898092,-0.341577158850553,0.008525574247464574,-0.026969877779301238,0.6453467650474788,-0.031492921682492916,-0.7627639008638716
1592228780.5583723,0.05801687866138807,-0.3420807173718644,0.008544114214363614,-0.026752102491183347,0.6454955719634218,-0.031534,-0.7626435424292626
1592228780.5683722,0.05797124504327483,-0.3426298499004631,0.008563038210581827,-0.026517890298056627,0.6457025217111144,-0.031515501038976636,-0.7624771532315671
1592228780.5783722,0.05792448466070122,-0.3432249937326548,0.008578351524287877,-0.026273838215703622,0.6459427587819542,-0.031468378661777714,-0.7622841445849875
1592228780.5883722,0.05787383974865674,-0.34385971533981985,0.008584289075000641,-0.026119644427491255,0.6462132424531398,-0.031335107062808426,-0.7620654161381128
1592228780.5983722,0.05781820342312527,-0.3445087504789785,0.008593376270144157,-0.025973642870578375,0.646500099080945,-0.03124832799903177,-0.7618308192787245
1592228780.6083722,0.057775239858421625,-0.3451343307501749,0.008595739693320325,-0.025874114945016367,0.646813535906791,-0.031195004313143416,-0.7615711647617376
1592228780.6183722,0.05774871930513855,-0.3457236293125261,0.008579651978011974,-0.025888694603674454,0.6470361070246062,-0.031119565872703467,-0.7613840449199476
1592228780.6283722,0.057722904957114955,-0.3462811684755939,0.008554967274251021,-0.025999271795544544,0.6472276042747938,-0.031091817948886137,-0.7612182136740925
1592228780.6383722,0.057698488749987044,-0.34679281904689147,0.008540324124503661,-0.026100930763902328,0.6473521668589868,-0.031171583429493385,-0.7611055970459287
1592228780.6483722,0.057668352049384045,-0.34725479885980504,0.008520215461614465,-0.02626050676560344,0.6475268221737219,-0.031189780270624138,-0.7609512256656494
1592228780.6583722,0.057629177005592135,-0.34766860095739244,0.008501206476829146,-0.026350227845113365,0.6477544923285338,-0.031195496336169293,-0.7607547208612567
1592228780.6683722,0.05756846760433193,-0.34809055515307524,0.008474401143554324,-0.026423403956727962,0.6480503329388604,-0.03114354551909557,-0.7605015154886102
1592228780.6783721,0.05748976379321172,-0.3484405413543463,0.008446399161159976,-0.02647710275025599,0.6484201724604239,-0.031078358718398015,-0.7601871183628021
1592228780.6883721,0.057391529862364905,-0.34870780489092496,0.008423548930947636,-0.026531507756084875,0.6488641681714669,-0.03104032571404848,-0.7598082032582908
1592228780.6983721,0.05729422510752098,-0.34886139930328486,0.008408567607093166,-0.026593245174127828,0.6493458703371926,-0.03105655341072348,-0.7593930210724246
1592228780.708372,0.05727176321019481,-0.3488869869782427,0.00840198638063912,-0.02665472266560393,0.6497928155810782,-0.031121549742159135,-0.7590064242126492
1592228780.718372,0.057266797951745184,-0.34888934769299323,0.008398835235094071,-0.026644953961218805,0.6501829151310464,-0.031211429377796772,-0.7586688634476879
1592228780.728372,0.05726581746835815,-0.34888946843698876,0.008397875375057411,-0.026617,0.6505115099559259,-0.031252652126757464,-0.7583860333926572
1592228780.738372,0.05726563998960464,-0.3488904936857661,0.008396903671676396,-0.02663305850207256,0.6507566709522457,-0.03127444058713303,-0.7581744753029357
1592228780.748372,0.057266263108050115,-0.3488904049258237,0.008395570931580712,-0.026641890661872246,0.650912500393304,-0.03129448443645374,-0.7580393355995044
1592228780.758372,0.05726898914137861,-0.3488916645560649,0.008392286800603192,-0.026668805616648254,0.6509642373848451,-0.03128995699850661,-0.7579937626151548
1592228780.768372,0.05727455686462177,-0.3488919061990789,0.008389258313174825,-0.026715072622457817,0.650927517748791,-0.031291361484995034,-0.7580239400237165
1592228780.778372,0.05728216970419635,-0.34889288422691844,0.00838418588133372,-0.026789843455652624,0.6508299826474526,-0.03129329913237263,-0.7581049147496652
1592228780.788372,0.05728865711502611,-0.3488940087623941,0.008380140313367106,-0.026836074845475493,0.650759616769683,-0.03127031018542941,-0.7581648449072853
1592228780.798372,0.05729309531920587,-0.34889439254578786,0.008376123494724755,-0.026830315516153006,0.6507985903483103,-0.031219606434459746,-0.7581335080430747
1592228780.808372,0.05729509476619469,-0.34889461674630456,0.008374633525671613,-0.02679436601302741,0.6509374694000672,-0.031156115567364282,-0.7580182644086402
1592228780.818372,0.057295086996390715,-0.3488946145529201,0.008374116951801486,-0.026742373198282522,0.6511497783404895,-0.031086010518110774,-0.7578403061939888
1592228780.828372,0.05729520009624172,-0.3488956020446321,0.008373110935627467,-0.02666844627446346,0.6514280842158398,-0.03100458986923277,-0.7576070490521591
1592228780.838372,0.05729420240562356,-0.3488957285528956,0.00837272317714452,-0.02655585839705276,0.6517630008452661,-0.030895662754066522,-0.7573274666884473
1592228780.848372,0.05729382081147426,-0.3488957718999871,0.008371760662542813,-0.026405759697124255,0.6521665001261303,-0.030752759697124255,-0.7569909349600995
1592228780.858372,0.05729149653402283,-0.34889606021438785,0.008369822241721152,-0.026255740888148554,0.6526485898524931,-0.03060679316272368,-0.7565864340237703
1592228780.868372,0.05728741194079472,-0.3488955597161843,0.008366603332250979,-0.026150390027339692,0.653165383317127,-0.030504638259417374,-0.7561484748876108
1592228780.878372,0.05728372555628622,-0.3488960136849109,0.008362994486638419,-0.026115860339109776,0.6536482067821956,-0.03047314413564391,-0.7557335161334009
1592228780.888372,0.057282000138551774,-0.3488962261656464,0.008361305361099169,-0.026162840333281975,0.6539706411174748,-0.030487680176443398,-0.7554527390099565
1592228780.898372,0.05728199661959527,-0.34889622517225916,0.00836107140397688,-0.026235295370531,0.6541540391416333,-0.030526339856938863,-0.7552893647725302
1592228780.908372,0.05728198509935668,-0.3488962219201421,0.008360305483207476,-0.026323110501827292,0.6542490706939007,-0.030532544268902794,-0.7552037611524406
1592228780.918372,0.05728215954259744,-0.3488961993652678,0.008360302955169669,-0.026400684712793943,0.6543200365397831,-0.030514472259516267,-0.7551398430276898
1592228780.928372,0.05728297674153382,-0.348896093704428,0.00836029111229288,-0.026478445243604824,0.6544001946905357,-0.030512950774296888,-0.7550677046457813
1592228780.938372,0.05728297674153382,-0.348896093704428,0.00836029111229288,-0.026559459149994115,0.6545005557819344,-0.03049824773055523,-0.7549791874097312
1592228780.948372,0.05728297674153382,-0.348896093704428,0.00836029111229288,-0.026608928156777217,0.6545997844703316,-0.030516816366021216,-0.7548909500655835
1592228780.9583719,0.05728297674153382,-0.348896093704428,0.00836029111229288,-0.02664606579289398,0.6547329344670485,-0.030511394757363884,-0.7547746576689972
1592228780.9683719,0.05728297674153382,-0.348896093704428,0.00836029111229288,-0.02664760231030266,0.6548913405934577,-0.030523119306909204,-0.7546360968652094
1592228780.9783719,0.05728297674153382,-0.348896093704428,0.00836029111229288,-0.026629836049332202,0.655078721482012,-0.03051063111099745,-0.7544745244439899
1592228780.9883718,0.05728297674153382,-0.348896093704428,0.00836029111229288,-0.02660425624797633,0.6553276754647861,-0.030452585709660182,-0.7542609950735301
1592228780.9983718,0.05728297674153382,-0.348896093704428,0.00836029111229288,-0.026550241170992434,0.6556472870088327,-0.030401329826063323,-0.7539876048027812
1592228781.0083718,0.05727900652189862,-0.348895592544191,0.008359352834306956,-0.026477321604246845,0.656021070374519,-0.03035868843945225,-0.7536669597794534
1592228781.0183718,0.05727685650704365,-0.34889486222813704,0.008359388273687237,-0.02641776610324076,0.6563658998555555,-0.030307239304629637,-0.7533706572666667
1592228781.0283718,0.05727589127950601,-0.3488949870285346,0.008359402261799913,-0.02637531162917675,0.6566404333242333,-0.030232136953726115,-0.7531361266227468
1592228781.0383718,0.05727480232582415,-0.34889411952114374,0.008359422324242976,-0.026328306802594594,0.6568834537672071,-0.030160380448288285,-0.7529279940534775
1592228781.0483718,0.057273733201547626,-0.34889343749499796,0.008359441300873724,-0.026278781383432797,0.6571213824963507,-0.030096289413514655,-0.7527250740750938
1592228781.0583718,0.05727165091945538,-0.34889272466158694,0.008359475647251669,-0.0262066507325402,0.6574269341425241,-0.030026200976720267,-0.7524639653691159
1592228781.0683718,0.05726854642832686,-0.34889190347047455,0.008359525828797433,-0.026083743934156075,0.6577649703534114,-0.02994421158947478,-0.7521758274907089
1592228781.0783718,0.057265648349515544,-0.34889053288940675,0.008360310759659097,-0.025944313505276685,0.6580888753238343,-0.029849641016879095,-0.7519007750305953
1592228781.0883718,0.057262488790878925,-0.34888895875048986,0.008360629567385964,-0.025807763165931617,0.658385066901449,-0.02977349173299731,-0.7516497041487714
1592228781.0983717,0.05725931253416687,-0.34888737905887685,0.00836068404897059,-0.02567200372740588,0.6586769906814853,-0.02973277545605683,-0.7513999112216933
1592228781.1083717,0.05725524313593488,-0.348886577781768,0.008361748781282607,-0.02551458310914779,0.6590224124196753,-0.029723283378170443,-0.7511024303043828
1592228781.1183717,0.057254423495300924,-0.348885675453183,0.008361764940831158,-0.025023124086945105,0.6592558687634814,-0.029443718187348863,-0.750925590037057
1592228781.1283717,0.057254423495300924,-0.348885675453183,0.008361764940831158,-0.024616390389342078,0.6593364552667491,-0.028919262416499517,-0.7508881845974636
1592228781.1383717,0.05725335993961523,-0.3488852470914528,0.008361782756639654,-0.024334388818937753,0.6597524779862328,-0.028698174326366524,-0.7505406748090326
1592228781.1483717,0.0572533037140777,-0.34888481193168075,0.008361785450028076,-0.02417642375867726,0.6599317448614097,-0.028569705282924407,-0.750392677424961
1592228781.1583717,0.05725368048593116,-0.3488837549113279,0.008361784271123227,-0.02405948668034993,0.6600432383269804,-0.02848412417668477,-0.7503013258379758
1592228781.1683717,0.0572544688141325,-0.34888216663042665,0.008362779279853929,-0.023933501053152707,0.6600375925209813,-0.028390145540563908,-0.7503148877283192
1592228781.1783717,0.05725674610799747,-0.3488808932767287,0.008362750433693536,-0.023776461367927913,0.659936972310159,-0.02825046136792791,-0.7504132233129485
1592228781.1883717,0.05726000164185226,-0.3488784881680885,0.008363711801374966,-0.023625095232205715,0.6597885448115179,-0.028110220582778823,-0.7505533298379089
1592228781.1983716,0.05726309352924247,-0.34887609802832154,0.008363675444786665,-0.02351284102173983,0.6596592639175946,-0.027977259147624865,-0.7506761398983811
1592228781.2083716,0.057267077646932646,-0.3488732164065413,0.00836362775497797,-0.023422333080301144,0.659479507153313,-0.02787458703650596,-0.7508402705401207
1592228781.2183716,0.05727256149616731,-0.34886953698512563,0.008363215933082804,-0.023352687161904397,0.6592009518504389,-0.027814860960846396,-0.7510891845107602
1592228781.2283716,0.05727677199946493,-0.3488663416157495,0.008362511010309442,-0.023303960804827308,0.6589437807846963,-0.027806055150905118,-0.7513168099195277
1592228781.2383716,0.05727944236940134,-0.34886400597665074,0.008362480762367456,-0.02327753289292266,0.6587470191760484,-0.02781044462794889,-0.7514893804936437
1592228781.2483716,0.05728207905139264,-0.3488614096083689,0.008362452128188985,-0.023250479068894648,0.6585750759652101,-0.027813737098518792,-0.7516412950199778
1592228781.2583716,0.05728462875530444,-0.34885834623492457,0.008361426663041932,-0.023209152082944433,0.6584028391849708,-0.027793382936137555,-0.751794083136291
1592228781.2683716,0.05728709600808144,-0.3488560368581332,0.008361399358681227,-0.023156288931054377,0.6582556136732326,-0.02775787927288519,-0.7519257476940906
1592228781.2783716,0.05728878030152175,-0.3488538285991211,0.008360383279365132,-0.023110643789190505,0.6581231881693135,-0.027714235504098322,-0.7520451207067111
1592228781.2883716,0.05729048262877917,-0.34885161721597985,0.008360220289382452,-0.023050157022785647,0.6580266348575389,-0.02767791810540905,-0.7521326313580348
1592228781.2983716,0.05729316415750572,-0.3488492741051626,0.008359215810489335,-0.02298148043005755,0.6579323596972809,-0.02762620482671782,-0.752219278104389
1592228781.3083715,0.057295925988489496,-0.3488469150077874,0.008357304789757767,-0.022857465101887072,0.6577883285978675,-0.027515896849877253,-0.7523531978587911
1592228781.3183715,0.05729970006749348,-0.348845438353086,0.008356185478554377,-0.02271671128889933,0.6576475355036163,-0.02737046681905657,-0.7524861210735849
1592228781.3283715,0.0573033213074686,-0.34884297366251793,0.008354173284457086,-0.022573142370820972,0.6575172156433641,-0.027218482917933502,-0.7526096378115499
1592228781.3383715,0.05730781713570489,-0.3488393814742512,0.008352146698115471,-0.02240407674180749,0.6573650767418074,-0.027032938783686768,-0.75275388080954
1592228781.3483715,0.057311449461167605,-0.34883690923867167,0.008350128344207492,-0.022219541175099545,0.6572100788225698,-0.02684341788109158,-0.7529009828244343
1592228781.3583715,0.05731412636347461,-0.34883456635919896,0.008348129552476847,-0.022036151473958435,0.6570821607813092,-0.02667991559475625,-0.753023980746212
1592228781.3683715,0.05731594414794029,-0.34883334352080453,0.008347133592716712,-0.021865466604736497,0.6570008371036183,-0.026552894659670843,-0.753105089412237
1592228781.3783715,0.05731762788190108,-0.34883113424209716,0.00834604403302656,-0.02169512632765044,0.6569542029066743,-0.026439398919387094,-0.75315458729269
1592228781.3883715,0.057319316831405995,-0.34882891994422655,0.008345027909319576,-0.021510155634403148,0.656947131556344,-0.026285445401930736,-0.7531710791055918
1592228781.3983715,0.057320407033703016,-0.3488286401460951,0.008344012577458279,-0.021306545947506923,0.6569378424195476,-0.026086388367054476,-0.7531912120977378
1592228781.4083714,0.05732107618887717,-0.3488275402681441,0.00834319068764115,-0.021090829292589965,0.656939,-0.025900442433296728,-0.7532037147680729
1592228781.4183714,0.05732125549763897,-0.34882751594766026,0.008343004466934308,-0.02089296286695519,0.6569243540587129,-0.02570433398094653,-0.7532280170552785
1592228781.4283714,0.05732223571348341,-0.3488273845063384,0.008342230418564306,-0.02072305631369405,0.6568677264335695,-0.025533620679330488,-0.7532880333366602
1592228781.4383714,0.057322958279130046,-0.3488272895942111,0.008341979694322581,-0.020593597466104663,0.6568226217223903,-0.025396526661839846,-0.7533361105765435
1592228781.4483714,0.057323122619610895,-0.3488265518332057,0.00834127399394444,-0.020491042732163636,0.6567931121524461,-0.025307042732163637,-0.7533668878475539
1592228781.4583714,0.05732407220673412,-0.348826131072293,0.00834096773668945,-0.020428009967179535,0.656758476451282,-0.025229981434871845,-0.753401847371282
1592228781.4683714,0.05732470524335174,-0.34882604521058336,0.008340310297949698,-0.020359368300208392,0.6567236287579825,-0.025154905718591056,-0.7534370194446436
1592228781.4783714,0.05732496956175837,-0.3488253852683701,0.008339957284121331,-0.020290209508912947,0.6567107107170789,-0.025098683320298826,-0.7534521446414606
