time,acc_x,acc_y,acc_z,mag_x,mag_y,mag_z,gyr_x,gyr_y,gyr_z
1592254091.923331,-0.2838239807102148,9.800293365482975,0.7976479614204297,-0.4266666666666667,-0.67,-0.017777777777777778,0.010972310244834839,-0.0322437894679859,-0.027206209213600778
1592254091.933331,-0.2608389960543621,9.83860167324273,0.7516779921087242,-0.4266666666666667,-0.67,-0.017777777777777778,0.01932988651077245,-0.02639348608182957,-0.04726439225185104
1592254091.943331,-0.4722363181113628,9.775927268391557,0.7292545606295457,-0.44555555555555554,-0.6555555555555556,-0.024444444444444446,0.015634582234506197,-0.022342196571840195,-0.07437879179078857
1592254091.953331,-0.635686175580222,9.786862764883955,0.6737255297679112,-0.44555555555555554,-0.6555555555555556,-0.024444444444444446,0.00598889215076359,-0.03165544699833106,-0.07573788923899333
1592254091.963331,-0.6841239039816013,9.78,0.6953097599540032,-0.44555555555555554,-0.6555555555555556,-0.024444444444444446,-0.0015406789232154919,-0.047484928607896965,-0.06814313433672736
1592254091.973331,-0.71,9.78,0.76,-0.44555555555555554,-0.6555555555555556,-0.024444444444444446,-0.004363323129985824,-0.0545415391248228,-0.061086523819801536
1592254091.983331,-0.7254421496618427,9.749801832593993,0.8801981674060069,-0.4451812393442093,-0.6556876671595601,-0.024312332840439887,0.00021616710655972965,-0.06643259417900395,-0.042261383278834136
1592254091.993331,-0.5,9.74,0.89,-0.4266666666666667,-0.6622222222222223,-0.017777777777777778,0.01090830782496456,-0.061086523819801536,-0.028361600344907853
1592254092.003331,-0.4573018774316526,9.75,0.8399198370629553,-0.4266666666666667,-0.6622222222222223,-0.017777777777777778,0.023504829882860286,-0.042923167311116193,-0.02598081096310337
1592254092.013331,-0.5106558730004612,9.755163968250114,0.7345080952496541,-0.4266666666666667,-0.6622222222222223,-0.017777777777777778,0.02702489110897396,-0.018892790917652346,-0.024525806444712472
1592254092.023331,-0.5561566392744836,9.777910491843151,0.6998881148039403,-0.4266666666666667,-0.6622222222222223,-0.017777777777777778,0.02837380512650461,-0.00022792998177669649,-0.021613095231345938
1592254092.033331,-0.5051479351621814,9.807058322764469,0.7363229034555847,-0.4266666666666667,-0.6622222222222223,-0.017777777777777778,0.024399386225007987,0.002951605139420604,-0.016843792549549985
1592254092.043331,-0.567549547431527,9.792450452568474,0.737483484189491,-0.4266666666666667,-0.6766666666666666,-0.03888888888888889,0.01772059542921708,0.008993949169245435,-0.014729818754602372
1592254092.053331,-0.5777525313696041,9.789595949808632,0.6834596192044959,-0.4266666666666667,-0.6766666666666666,-0.03888888888888889,0.01233244948121738,0.004407398168627461,-0.014492073526889474
1592254092.063331,-0.5425378689721784,9.852537868972178,0.5476136069165352,-0.4266666666666667,-0.6766666666666666,-0.03888888888888889,-0.0006032474880233764,-0.0005206302069160214,-0.008726646259971648
1592254092.0733309,-0.557285177038246,9.854536117221315,0.5863916483360533,-0.4266666666666667,-0.6766666666666666,-0.03888888888888889,-0.014383207218237524,0.003965978361523072,-0.008726646259971648
1592254092.0833309,-0.5870467608032356,9.832214929397573,0.6533552118072803,-0.4266666666666667,-0.6766666666666666,-0.03888888888888889,-0.024122662730246786,0.002342735776188195,-0.008726646259971648
1592254092.0933309,-0.61,9.82,0.68,-0.4066666666666667,-0.6555555555555556,0.0033333333333333335,-0.0370882466048795,0.002181661564992912,-0.007635815477475192
1592254092.1033309,-0.5076149977619211,9.80238500223808,0.7368824876905659,-0.4066666666666667,-0.6555555555555556,0.0033333333333333335,-0.04755613211175247,0.008546387327642,-0.00392290081189423
1592254092.1133308,-0.49401199867731116,9.815988001322689,0.6580539940479002,-0.4066666666666667,-0.6555555555555556,0.0033333333333333335,-0.05389162163962101,0.01658455445191421,-0.010039569756935473
1592254092.1233308,-0.5302823049537543,9.798551263931875,0.7198588475231229,-0.4066666666666667,-0.6555555555555556,0.0033333333333333335,-0.05983766044742268,0.022764811189223494,-0.016061793904362364
1592254092.1333308,-0.6353330232391721,9.791047641197201,0.667333488380414,-0.4066666666666667,-0.6555555555555556,0.0033333333333333335,-0.05901914218150056,0.027675920784756225,-0.020154385233972977
1592254092.1433308,-0.6744380882081564,9.852219044104078,0.6029682598265362,-0.4266666666666667,-0.65,-0.0033333333333333335,-0.07248207207824693,0.010946051093412259,-0.01987701424658079
1592254092.1533308,-0.6144915750585691,9.84550842494143,0.606767660839791,-0.4266666666666667,-0.65,-0.0033333333333333335,-0.09331488240794335,-0.01319428045212402,-0.017453292519943295
1592254092.1633308,-0.5424364492426225,9.892974579697048,0.5163453261360664,-0.4266666666666667,-0.65,-0.0033333333333333335,-0.11341542970212205,-0.03464080965650232,-0.017644881138104158
1592254092.1733308,-0.4573874326750449,9.858693716337521,0.6543691202872531,-0.4266666666666667,-0.65,-0.0033333333333333335,-0.14555709116220517,-0.04477317884362042,-0.020254044618083028
1592254092.1833308,-0.44232710951526033,9.85116355475763,0.7372008976660682,-0.4266666666666667,-0.65,-0.0033333333333333335,-0.1545926364155757,-0.05134448448243534,-0.030111003076305404
1592254092.1933308,-0.44,9.8,0.92,-0.4266666666666667,-0.6622222222222223,-0.01,-0.16580627893946132,-0.062177354602297986,-0.042542400517361786
1592254092.2033308,-0.29533577048398635,9.745067154096798,0.9932885639354685,-0.4266666666666667,-0.6622222222222223,-0.01,-0.1522075210362342,-0.07561139991816569,-0.0586961974138749
1592254092.2133307,-0.1550867466424509,9.732427711131292,1.0298843378100655,-0.4266666666666667,-0.6622222222222223,-0.01,-0.13175724444805692,-0.08154748648393205,-0.07089138407455449
1592254092.2233307,-0.11,9.77,1.09,-0.4266666666666667,-0.6622222222222223,-0.01,-0.1112647398146385,-0.07744898555724837,-0.07744898555724837
1592254092.2333307,-0.1356286786008356,9.829800250068617,1.0558284285322193,-0.4266666666666667,-0.6622222222222223,-0.01,-0.09728646404838867,-0.056015629382331955,-0.08490406596591495
1592254092.2433307,-0.1,9.91,1.01,-0.4311111111111111,-0.6622222222222223,-0.017777777777777778,-0.08726646259971647,-0.032724923474893676,-0.1112647398146385
1592254092.2533307,-0.0039656912209889,10.004525731584259,0.9639656912209889,-0.4311111111111111,-0.6622222222222223,-0.017777777777777778,-0.08650475230558172,-0.018318472131489426,-0.14133303352812432
1592254092.2633307,0.09566210699706368,10.07069254458211,0.9092465802477978,-0.4311111111111111,-0.6622222222222223,-0.017777777777777778,-0.0931049814373497,0.0027171162798271683,-0.18682096248437532
1592254092.2733307,0.19,10.11,0.98,-0.4311111111111111,-0.6622222222222223,-0.017777777777777778,-0.10253809355466686,0.020725784867432664,-0.22798363354175932
1592254092.2833307,0.3806721370821769,10.151450464583082,1.2618631591649572,-0.4311111111111111,-0.6622222222222223,-0.017777777777777778,-0.11519841751514823,0.055089521331596385,-0.2876680179268858
1592254092.2933307,0.48,10.25,1.35,-0.4311111111111111,-0.6622222222222223,-0.024444444444444446,-0.10471975511965977,0.10144726277217041,-0.4134248665661568
1592254092.3033307,0.4353964280691886,10.224603571930812,1.4113683026297286,-0.4311111111111111,-0.6622222222222223,-0.024444444444444446,-0.08769052287466138,0.1606185509731244,-0.5487101880248799
1592254092.3133307,0.36,10.3,1.27,-0.4311111111111111,-0.6622222222222223,-0.024444444444444446,-0.05890486225480862,0.20071286397934787,-0.6741334235828097
1592254092.3233306,0.23100414140807873,10.198000920312905,1.266001840625813,-0.4311111111111111,-0.6622222222222223,-0.024444444444444446,-0.023181032545491528,0.23954563671170345,-0.8301187118100356
1592254092.3333306,0.07995798571514315,10.164435107936699,1.1988702158733968,-0.4311111111111111,-0.6622222222222223,-0.024444444444444446,0.008856761161543058,0.2688373338152779,-0.958269886638174
1592254092.3433306,-0.017846671024372023,10.12,1.033142216826968,-0.4066666666666667,-0.6766666666666666,-0.017777777777777778,0.028361600344907853,0.31023954742628285,-1.1295160078115773
1592254092.3533306,-0.22001832083445294,10.113329262036787,0.7983201016195617,-0.4066666666666667,-0.6766666666666666,-0.017777777777777778,0.023813696399758413,0.3407050349475244,-1.2426481698863603
1592254092.3633306,-0.37,10.08,0.69,-0.4066666666666667,-0.6766666666666666,-0.017777777777777778,0.001090830782496456,0.358883327441334,-1.325359400733194
1592254092.3733306,-0.47137749716175037,9.92931204812078,0.8044820443364471,-0.4066666666666667,-0.6766666666666666,-0.017777777777777778,-0.03656154873746501,0.37426778497930074,-1.4129639954552837
1592254092.3833306,-0.7470599717170913,9.67033760232637,0.9130842312824905,-0.4066666666666667,-0.6766666666666666,-0.017777777777777778,-0.05023077280290873,0.37700162979238955,-1.474019862947599
1592254092.3933306,-1.0143850452214989,9.522907137507922,0.9096013595253183,-0.4032668932542197,-0.6930989048268269,-0.02117755119022473,-0.04624072469834312,0.36741429151588634,-1.5013310361558687
1592254092.4033306,-1.23,9.42,0.89,-0.4,-0.7088888888888889,-0.024444444444444446,-0.04036073895236887,0.35779249665883756,-1.5184364492350666
1592254092.4133306,-1.4937807252056998,9.41237807252057,0.67890232823734,-0.4,-0.7088888888888889,-0.024444444444444446,-0.04191718377743688,0.3245686908835419,-1.4741845982200277
1592254092.4233305,-1.7711488538096845,9.42966031571284,0.5522977076193689,-0.4,-0.7088888888888889,-0.024444444444444446,-0.06312870578778543,0.2899245062110087,-1.4267325558900115
1592254092.4333305,-1.7785965161496529,9.362631354653123,0.5671930322993057,-0.4,-0.7088888888888889,-0.024444444444444446,-0.0834390541329782,0.26717691606439276,-1.4121091050814727
1592254092.4433305,-1.91,9.47,0.58,-0.32,-0.7355555555555555,-0.0011111111111111111,-0.13199052468207118,0.2530727415391778,-1.3940817400304706
1592254092.4533305,-2.3928658727671577,9.516429410842996,0.5428564713256033,-0.32,-0.7355555555555555,-0.0011111111111111111,-0.17959835740914298,0.2632020676513207,-1.3799006834734706
1592254092.4633305,-2.3454959925797323,9.372839679406377,0.8270991985159464,-0.32,-0.7355555555555555,-0.0011111111111111111,-0.24136336174946124,0.2547964290322176,-1.3979470847822126
1592254092.4733305,-2.5356034139814114,9.35393548153774,0.8997001916748038,-0.32,-0.7355555555555555,-0.0011111111111111111,-0.2637001656647689,0.24381703189545653,-1.4313686960726737
1592254092.4833305,-2.36116324906875,9.096067411666848,1.1120621315684784,-0.32,-0.7355555555555555,-0.0011111111111111111,-0.269491439191436,0.23223448484212242,-1.4561884397583897
1592254092.4933305,-2.79,9.08,1.11,-0.2877777777777778,-0.7688888888888888,-0.03111111111111111,-0.25198191075668136,0.24107360293171679,-1.473712387152712
1592254092.5033305,-2.846891540217,9.042072306522,1.1194819233695001,-0.2877777777777778,-0.7688888888888888,-0.03111111111111111,-0.2581878150899152,0.21831862037652605,-1.4726780697638395
1592254092.5133305,-2.952627961743644,9.10568991204883,0.9778449560244148,-0.2877777777777778,-0.7688888888888888,-0.03111111111111111,-0.25654733667258167,0.20534424198465953,-1.4666456574705942
1592254092.5233305,-3.14,9.07,0.96,-0.2877777777777778,-0.7688888888888888,-0.03111111111111111,-0.26725354171163174,0.19853120241435498,-1.4442599560253075
1592254092.5333304,-3.4863665534163837,9.168961872404681,1.1155115137787843,-0.2877777777777778,-0.7688888888888888,-0.03111111111111111,-0.2811329118603833,0.1908204412206041,-1.4342359664734314
1592254092.5433304,-3.26,8.74,1.34,-0.22,-0.7822222222222223,-0.03111111111111111,-0.3010692959690219,0.18435040224190105,-1.4431691252428112
1592254092.5533304,-3.3811805081532045,8.833215775502465,1.4611805081532043,-0.22,-0.7822222222222223,-0.03111111111111111,-0.3051366014623165,0.16604752752207486,-1.490959964789024
1592254092.5633304,-3.731716941802238,8.581716941802238,1.3039485348731341,-0.22,-0.7822222222222223,-0.03111111111111111,-0.296705972839036,0.1686761228207183,-1.4957583969080623
1592254092.5733304,-3.93,8.78,1.34,-0.22,-0.7822222222222223,-0.03111111111111111,-0.296705972839036,0.14508049407202864,-1.487893187325166
1592254092.5833304,-4.099836827129668,8.758770396608792,1.2975407932175833,-0.22,-0.7822222222222223,-0.03111111111111111,-0.30442527446547646,0.13118575114443587,-1.4624194919579125
1592254092.5933304,-4.17,8.56,1.25,-0.15777777777777777,-0.7888888888888889,-0.051111111111111114,-0.32615840396644036,0.09926560120717749,-1.401717555507946
1592254092.6033304,-4.64620352821111,8.609604534188657,1.0218191427321768,-0.15777777777777777,-0.7888888888888889,-0.051111111111111114,-0.3423914498197559,0.08303255535386195,-1.3454429965497852
1592254092.6133304,-4.469335341743552,8.464213895688195,1.3817341366974203,-0.15777777777777777,-0.7888888888888889,-0.051111111111111114,-0.372054631606262,0.060004524843678145,-1.306364444524036
1592254092.6233304,-4.239462431830123,8.387098363922961,1.2991386588879026,-0.15777777777777777,-0.7888888888888889,-0.051111111111111114,-0.38617741844529313,0.04940390460758413,-1.3021234381978812
1592254092.6333303,-4.231863098581342,8.204714365952205,1.4283273241171888,-0.15777777777777777,-0.7888888888888889,-0.051111111111111114,-0.40192763305031065,0.06929891252971143,-1.312899900822367
1592254092.6433303,-5.0,8.53,1.54,-0.09777777777777778,-0.8033333333333333,-0.051111111111111114,-0.42869649752110717,0.08290313946973066,-1.3286318930806833
1592254092.6533303,-4.60302312988319,7.880401485263402,1.7023996286841494,-0.09777777777777778,-0.8033333333333333,-0.051111111111111114,-0.42475981943144797,0.09766568230595271,-1.3374894187824167
1592254092.6633303,-5.140261428605319,8.19316584821958,1.8330351339169217,-0.09777777777777778,-0.8033333333333333,-0.051111111111111114,-0.38681626050486084,0.06808646773445788,-1.3143249899403955
1592254092.6733303,-5.428163974756659,8.229917459977894,1.7269314008628374,-0.09777777777777778,-0.8033333333333333,-0.051111111111111114,-0.36295073350323326,0.04125129044957758,-1.2452325572575782
1592254092.6833303,-5.226277676756872,8.057940243163262,1.6745905087888187,-0.09777777777777778,-0.8033333333333333,-0.051111111111111114,-0.3392970673393438,0.01922891160733564,-1.1995565122514469
1592254092.6933303,-5.63,8.15,1.52,-0.03888888888888889,-0.7911111111111111,-0.03111111111111111,-0.3108867730114899,-0.02945243112740431,-1.136645675361307
1592254092.7033303,-5.463993098250763,8.017194478600612,1.3207917179009163,-0.03888888888888889,-0.7911111111111111,-0.03111111111111111,-0.3108867730114899,-0.048466402173572155,-1.0841308981861768
1592254092.7133303,-5.648346768423563,7.878334366801813,1.7958359170045315,-0.03888888888888889,-0.7911111111111111,-0.03111111111111111,-0.3226587961233346,-0.06345055418482545,-1.059923459390031
1592254092.7233303,-5.166514968999115,7.834391142604074,1.7034276350752877,-0.03888888888888889,-0.7911111111111111,-0.03111111111111111,-0.3168199262762578,-0.0421005222622095,-1.077499748199295
1592254092.7333302,-5.5603110717449065,7.700649069973428,1.7851589016829053,-0.03888888888888889,-0.7911111111111111,-0.03111111111111111,-0.3022309293022192,-0.03156402444762606,-1.0977622439965706
1592254092.7433302,-5.8,7.75,1.83,-0.012222222222222223,-0.7911111111111111,-0.04777777777777778,-0.26616271092913524,-0.019634954084936207,-1.1311915214488248
1592254092.7533302,-5.766386185909911,7.5903343830720775,1.7543689182973001,-0.012222222222222223,-0.7911111111111111,-0.04777777777777778,-0.25332926683483153,-0.004051486256138867,-1.1385249180741412
1592254092.7633302,-6.229150943396227,7.778059299191375,1.6804851752021563,-0.012222222222222223,-0.7911111111111111,-0.04777777777777778,-0.23748356415697772,0.019714340691748617,-1.104058943387161
1592254092.7733302,-6.16,7.62,1.72,-0.012222222222222223,-0.7911111111111111,-0.04777777777777778,-0.21162117180431245,0.02617993877991494,-1.0264717663291651
1592254092.7833302,-6.519422570589837,7.614009623823503,1.6840577429410162,-0.012222222222222223,-0.7911111111111111,-0.04777777777777778,-0.20181944170622745,0.021605798067475274,-0.9506717202373077
1592254092.7933302,-6.65,7.36,1.55,0.035555555555555556,-0.7766666666666666,-0.05333333333333334,-0.18762289458939044,0.0032724923474893677,-0.7232208087951503
1592254092.8033302,-7.008173598553345,7.455512959614226,1.72510709262608,0.035555555555555556,-0.7766666666666666,-0.05333333333333334,-0.18241347076566353,-0.014960491035554772,-0.5799616536426606
1592254092.8133302,-6.832006408012709,7.053195390538757,2.0082165262109255,0.035555555555555556,-0.7766666666666666,-0.05333333333333334,-0.17674701123290748,-0.042372172057833245,-0.3981486245228445
1592254092.8233302,-6.740476974862136,7.3484100837928805,1.5822788798968703,0.035555555555555556,-0.7766666666666666,-0.05333333333333334,-0.1495883446637074,-0.05447794704167791,-0.27553684021749125
1592254092.8333302,-6.476728567565131,7.184515099612368,2.1591971513567114,0.035555555555555556,-0.7766666666666666,-0.05333333333333334,-0.13303326962190642,-0.09474738069608751,-0.21827296803773413
1592254092.8433301,-6.71,7.41,1.75,0.06888888888888889,-0.7833333333333333,-0.09777777777777778,-0.09381144729469522,-0.11999138607461016,-0.15489797111449674
1592254092.8533301,-6.557331104661841,7.471067558135263,1.833967892435987,0.06888888888888889,-0.7833333333333333,-0.09777777777777778,-0.10380360312857075,-0.16662144663269604,-0.14157509666932935
1592254092.8633301,-6.216449656845181,7.030104462390783,2.1535503431548193,0.06888888888888889,-0.7833333333333333,-0.09777777777777778,-0.09195810832678787,-0.20349287243120895,-0.1000864076998914
1592254092.87333,-6.897523264137438,7.923602004294918,2.277861130994989,0.06888888888888889,-0.7833333333333333,-0.09777777777777778,-0.09484394947343183,-0.21041368381429634,-0.0649811879407291
1592254092.88333,-6.7467446636044315,7.628330721426641,2.2206344231288844,0.06888888888888889,-0.7833333333333333,-0.09777777777777778,-0.09894964049417121,-0.23400504304029743,-0.0497885114661645
1592254092.89333,-5.744636723910172,7.118282694848085,1.9639299867899602,0.09555555555555556,-0.7833333333333333,-0.09888888888888889,-0.0939115962238676,-0.20199102369410926,-0.027991985951631312
1592254092.90333,-6.623504304650845,7.328446681546941,2.317387600783492,0.09555555555555556,-0.7833333333333333,-0.09888888888888889,-0.12413135547766473,-0.17906568908778042,-0.018613439976314962
1592254092.91333,-6.065488521949255,7.663936367297624,2.4074595247684254,0.09555555555555556,-0.7833333333333333,-0.09888888888888889,-0.1087432205398835,-0.16588667444215838,-0.01941142822825711
1592254092.92333,-6.733174903955975,7.75,2.2769317827847577,0.09555555555555556,-0.7833333333333333,-0.09888888888888889,-0.1172426193566778,-0.13227019801917836,-0.007112089847918175
1592254092.93333,-5.992209347238316,7.304538080691035,2.60232873345272,0.09555555555555556,-0.7833333333333333,-0.09888888888888889,-0.104697501083892,-0.11470224143250236,0.0011680879083890558
1592254092.94333,-6.309038621180377,7.129984978455943,2.330615883306321,0.10110276580885744,-0.7910994276879559,-0.10665498324351154,-0.0883736793448705,-0.10254628653599565,0.011987668433600714
1592254092.95333,-6.18619732042902,7.202825105629988,2.6504304647719477,0.10111111111111111,-0.7911111111111111,-0.10666666666666667,-0.05181495458072933,-0.10412689089386179,0.015971131955448362
1592254092.96333,-6.1680840994396995,7.389143230158298,2.7793613664798995,0.10111111111111111,-0.7911111111111111,-0.10666666666666667,0.013900422897401121,-0.09144458838040287,-0.006033540941818915
1592254092.97333,-6.160602378183372,7.719519141765362,2.2255403128189304,0.10111111111111111,-0.7911111111111111,-0.10666666666666667,0.06563400377118382,-0.05568482340375524,-0.028138245797152014
1592254092.98333,-6.0194972493887535,7.291729319478403,2.3639557864710676,0.10111111111111111,-0.7911111111111111,-0.10666666666666667,0.07456099550269275,-0.06950701290722043,-0.05572638405177647
1592254092.99333,-6.173821676369727,7.472879017465507,2.4947643352739455,0.09613729608067274,-0.7751949030137083,-0.09870856261796529,0.10381735558964654,-0.048150796632361506,-0.04723700075235969
1592254093.00333,-6.1279809497641615,7.177909511379768,2.121899986261849,0.09555555555555556,-0.7733333333333333,-0.09777777777777778,0.09315331222305576,-0.055526144159323707,-0.019191868082246114
1592254093.01333,-6.716617523268958,7.1761586377738755,1.8992068111306186,0.09555555555555556,-0.7733333333333333,-0.09777777777777778,0.12515629759605312,-0.07545860437983529,0.019136197885748153
1592254093.02333,-6.281325974770643,7.433870412844037,2.269872419724771,0.09555555555555556,-0.7733333333333333,-0.09777777777777778,0.13465223935805376,-0.09722967563548829,0.04071006750284151
1592254093.03333,-6.312114921023279,7.39841380923254,2.262099629403087,0.09555555555555556,-0.7733333333333333,-0.09777777777777778,0.14123458259985774,-0.13360210323638655,0.038810172035926016
1592254093.04333,-5.852339048216878,7.360429597081094,2.192147985405469,0.100872446066059,-0.7775868457417361,-0.09033413106307296,0.15964919844678738,-0.1744990734536228,0.019340773426656924
1592254093.05333,-6.088679801793298,7.636727229825389,2.298284568192544,0.10111111111111111,-0.7777777777777778,-0.09,0.16757057804248676,-0.18612332400448614,0.002138548267194857
1592254093.06333,-6.189088021399314,7.279296163169773,1.705200200618574,0.10111111111111111,-0.7777777777777778,-0.09,0.16848361517917215,-0.19307704850187268,-0.03580018544684683
1592254093.07333,-6.205784000323716,7.454948003075304,1.6522300004046453,0.10111111111111111,-0.7777777777777778,-0.09,0.1539249498799501,-0.1649510672528644,-0.04278565582599845
1592254093.08333,-6.053694687704949,7.730719879634273,1.9962142664249065,0.10111111111111111,-0.7777777777777778,-0.09,0.12384382283063251,-0.1306049873693551,-0.046119530958847986
1592254093.09333,-5.9685701127404025,7.5186161668263205,1.8029150394222975,0.1134901628472478,-0.7777777777777778,-0.09666564324253515,0.08602367429055953,-0.09007604915718323,-0.027273783795286177
1592254093.10333,-5.78152887295898,7.47,1.7724950219036242,0.11555555555555555,-0.7777777777777778,-0.09777777777777778,0.06550688640886412,-0.06665258454613132,-0.00981964914677415
1592254093.11333,-6.22979888385806,7.47,2.121624723596925,0.11555555555555555,-0.7777777777777778,-0.09777777777777778,0.036731949133330166,-0.06053105812914629,-0.008845412083821424
1592254093.1233299,-5.921142007652377,7.225833353642191,1.6726234981600177,0.11555555555555555,-0.7777777777777778,-0.09777777777777778,0.030856370991767638,-0.024587463543790725,-0.02757377663620309
1592254093.1333299,-5.955849631699263,7.372768605537211,1.7632715265430532,0.11555555555555555,-0.7777777777777778,-0.09777777777777778,0.02226935060004322,-0.028540034437853683,-0.035428033740079204
1592254093.1433299,-5.964181438998957,7.26665015641293,2.1117127215849845,0.12087880894450237,-0.7893114934538292,-0.09156731549067315,0.010037292526010794,0.00428085677781586,-0.06105353727893355
1592254093.1533298,-6.18864462127468,7.414018467082051,2.1158723068838676,0.12222222222222222,-0.7922222222222223,-0.09,-0.006669004154485594,0.024844426488665437,-0.07608628643169296
1592254093.1633298,-5.954307449697748,7.494769149899249,2.3278462751511255,0.12222222222222222,-0.7922222222222223,-0.09,-0.03841738901555854,0.027697029139568338,-0.10889513030067123
1592254093.1733298,-6.630377906976744,7.597209302325582,2.482906976744186,0.12222222222222222,-0.7922222222222223,-0.09,-0.05828968442979609,0.04208260265846066,-0.1022209915830109
1592254093.1833298,-6.122749281310456,7.346892549133052,2.3569437162125513,0.12222222222222222,-0.7922222222222223,-0.09,-0.049737418511808976,0.061747720044343535,-0.07694890229193928
1592254093.1933298,-6.368749864312335,7.110052104063393,2.4844270362195604,0.12222222222222222,-0.7994907390655844,-0.09635995223794189,-0.03203747549795187,0.03700871467208179,-0.06079109130516586
1592254093.2033298,-6.369948636419225,7.139329827565121,2.404433166197872,0.12222222222222222,-0.8011111111111111,-0.09777777777777778,-0.01575521437020655,0.03140917637843256,-0.07467128242001697
1592254093.2133298,-6.250722639454223,7.257011695235911,2.4373241414894227,0.12222222222222222,-0.8011111111111111,-0.09777777777777778,0.015305713554070977,0.0009438378481240461,-0.12026195188212441
1592254093.2233298,-6.327864061416306,7.17668691555258,2.369720900198503,0.12222222222222222,-0.8011111111111111,-0.09777777777777778,0.06388640022354838,-0.00839568987543215,-0.12561101817936218
1592254093.2333298,-6.3506129780943,6.976041713032143,2.22971958159794,0.12222222222222222,-0.8011111111111111,-0.09777777777777778,0.07894100956429953,-0.0218472045524237,-0.13432121177316295
1592254093.2433298,-5.912153804682687,7.0895217190388164,2.1931384781269254,0.12684693126583144,-0.79556146025878,-0.08575353426439378,0.12159574913976293,-0.04581489286485115,-0.14236211250903982
1592254093.2533298,-6.404733242134063,7.314938440492476,2.265983584131327,0.12777777777777777,-0.7944444444444444,-0.08333333333333333,0.13596825181452338,-0.0482681429420388,-0.13335742071047985
1592254093.2633297,-5.959500810553972,7.3008625412264525,2.2165369780311925,0.12777777777777777,-0.7944444444444444,-0.08333333333333333,0.16911060166698663,-0.03682579841393173,-0.1133098722208182
1592254093.2733297,-6.471503566895707,7.0638266444921,1.8697818285264125,0.12777777777777777,-0.7944444444444444,-0.08333333333333333,0.17481142147365472,-0.012416560768026368,-0.08011753222597844
1592254093.2833297,-6.26961164678532,7.259617363466596,1.9215396928236594,0.12777777777777777,-0.7944444444444444,-0.08333333333333333,0.18334354867578642,-0.011118126147280943,-0.05156259287875527
1592254093.2933297,-6.227009916094584,7.584729214340198,2.3173836765827613,0.14274769048224425,-0.7997279430460208,-0.05515467412492584,0.17597238916107968,0.006341129972086568,-0.04595967132110926
1592254093.3033297,-6.08311097448509,7.580541039040885,2.2518936366430986,0.14666666666666667,-0.8011111111111111,-0.04777777777777778,0.15674815827786107,0.038363006278922,-0.059295354860470204
1592254093.3133297,-6.034934480263686,7.432121553179516,1.9944159498351957,0.14666666666666667,-0.8011111111111111,-0.04777777777777778,0.12642780508836607,0.07049315254520266,-0.07342565365997729
1592254093.3233297,-6.418718866338417,7.127403866938874,1.9519824666746728,0.14666666666666667,-0.8011111111111111,-0.04777777777777778,0.12654593371508213,0.10085587974292795,-0.05406121726255529
1592254093.3333297,-6.489838465870358,6.982094905006075,1.946612821956786,0.14666666666666667,-0.8011111111111111,-0.04777777777777778,0.12134597682401749,0.11685985884795083,-0.052043255672607744
1592254093.3433297,-6.523250668423296,7.141896772193591,2.1986461037702947,0.13229743867942806,-0.8104088468675597,-0.058766010944489654,0.10742343629808435,0.130023081368161,-0.054494747569189685
1592254093.3533297,-6.601782009982655,7.270891004991327,2.3263365074869906,0.12777777777777777,-0.8133333333333334,-0.06222222222222222,0.10648020594531778,0.13293013972793072,-0.045026493555628516
1592254093.3633296,-6.2850896502751645,7.10162613172377,1.8977401029646725,0.12777777777777777,-0.8133333333333334,-0.06222222222222222,0.1097807348622985,0.13168604223926178,-0.01972364581197036
1592254093.3733296,-6.64715996578272,6.976903336184773,1.9470316509837469,0.12777777777777777,-0.8133333333333334,-0.06222222222222222,0.1238010511513186,0.09424317615871149,-0.017622189330577902
1592254093.3833296,-6.64661715883278,7.095588560778147,2.0117523831712196,0.12777777777777777,-0.8133333333333334,-0.06222222222222222,0.13672950852652146,0.09612816288923712,-0.01607905370491985
1592254093.3933296,-6.042974828375287,7.185808724710326,1.9474261741309795,0.14039224470193196,-0.8188521626126508,-0.06222222222222222,0.12587052458529288,0.0894159115525206,-0.031209108094196757
1592254093.4033296,-6.169980156105305,7.344799576663579,1.9103810027781452,0.14555555555555555,-0.8211111111111111,-0.06222222222222222,0.12660491748498587,0.08480844954001783,-0.04588343958024813
1592254093.4133296,-6.173053026245313,7.628055704338511,1.901041778253883,0.14555555555555555,-0.8211111111111111,-0.06222222222222222,0.14389121391253668,0.1108709423066564,-0.05934423276816552
1592254093.4233296,-6.525384835479256,7.244383404864092,1.6513276108726753,0.14555555555555555,-0.8211111111111111,-0.06222222222222222,0.12127416562140855,0.15152778776989112,-0.05916578772953453
1592254093.4333296,-6.619560334680114,7.19068940285687,1.6772528870931822,0.14555555555555555,-0.8211111111111111,-0.06222222222222222,0.10733076668118645,0.16463372173909893,-0.05624589064678907
1592254093.4433296,-6.29073681385049,7.33073681385049,1.9612226546772245,0.1408133136491746,-0.8285632055354241,-0.06222222222222222,0.06707416147559572,0.18650468689690514,-0.044005967197353335
1592254093.4533296,-6.500506608441151,7.258877842558825,2.0989772595293954,0.13777777777777778,-0.8333333333333334,-0.06222222222222222,0.04500245184815081,0.19109578601375987,-0.035307383193646756
1592254093.4633296,-6.54977659135695,7.0894042436185325,1.8287340176893818,0.13777777777777778,-0.8333333333333334,-0.06222222222222222,0.04510121128901546,0.19491405433019351,-0.009367217528332836
1592254093.4733295,-6.455421460436722,7.088929326132895,1.5738952805822963,0.13777777777777778,-0.8333333333333334,-0.06222222222222222,0.01951073409679092,0.1692626680941431,0.008443373462263011
1592254093.4833295,-6.637030122182346,7.069810879470946,1.4458953990080246,0.13777777777777778,-0.8333333333333334,-0.06222222222222222,0.008042298289727691,0.15269567970003448,0.01912048346789203
1592254093.4933295,-6.649688734248636,7.245914362735879,1.5223735189016363,0.15738866946690908,-0.8186251645664849,-0.04097708955899665,-0.018034781714574816,0.12778425082122227,0.006349741645387652
1592254093.5033295,-6.674722891566265,7.099942168674699,1.578629718875502,0.16444444444444445,-0.8133333333333334,-0.03333333333333333,-0.0272707695624114,0.11151917938029068,-0.006589494095581803
1592254093.5133295,-6.796073895206938,7.1130207197382775,1.575570441917225,0.16444444444444445,-0.8133333333333334,-0.03333333333333333,-0.04143695508347186,0.07438509186772976,-0.027863795862559673
1592254093.5233295,-6.705470935269607,7.121599488427741,1.4693423821114733,0.16444444444444445,-0.8133333333333334,-0.03333333333333333,-0.03972646488790643,0.04662202393808329,-0.033147232813684334
1592254093.5333295,-6.210255444602948,7.166394864479315,1.5006335710889207,0.16444444444444445,-0.8133333333333334,-0.03333333333333333,-0.03173374576416765,-0.012367209707441752,-0.03212968154776023
1592254093.5433295,-6.415974916144086,7.286004083418405,1.6440017500364592,0.16444444444444445,-0.825332749987847,-0.03666650462625379,-0.025089585245828504,-0.05584983609948385,-0.022035195421717092
1592254093.5533295,-6.6533488999963515,7.327509577146193,1.6108584771425445,0.16444444444444445,-0.8333333333333334,-0.03888888888888889,-0.022200469964102503,-0.0584695487775221,-0.008384978112000832
1592254093.5633295,-6.6754763049936345,7.731300891215165,1.4540243315886263,0.16444444444444445,-0.8333333333333334,-0.03888888888888889,-0.051026437616739154,-0.033360287269468714,0.022531172308781586
1592254093.5733294,-6.6406437036743435,7.718269848190574,1.394701335764398,0.16444444444444445,-0.8333333333333334,-0.03888888888888889,-0.06313955477803528,-0.023550599466221393,0.04324396697963882
1592254093.5833294,-6.453157711163215,7.421943341019629,1.5235221966012362,0.16444444444444445,-0.8333333333333334,-0.03888888888888889,-0.08636330958414672,-0.005878125153502178,0.11155398213501523
1592254093.5933294,-6.449895131690397,7.109895131690396,1.6416710361795668,0.16185088084898516,-0.8372236787265223,-0.035646934394564775,-0.12545125966610363,0.0170047376928731,0.16499316057172375
1592254093.6033294,-6.152357663380227,6.94905693464791,1.6475589415845056,0.16,-0.84,-0.03333333333333333,-0.13715268231050495,0.012917466708247066,0.16547946755035595
1592254093.6133294,-6.414842445162009,6.994687673978399,1.6839321901792672,0.16,-0.84,-0.03333333333333333,-0.11155739728824113,-0.05407561919589991,0.10663730227238918
1592254093.6233294,-6.385090250999503,7.3622128646116725,1.8181214071112584,0.16,-0.84,-0.03333333333333333,-0.08531947764838359,-0.06692412393883475,0.0522375071505517
1592254093.6333294,-6.10136890524379,7.484430542778289,1.8558307267709293,0.16,-0.84,-0.03333333333333333,-0.07969105927781285,-0.060418578126306,-0.008886206604421451
1592254093.6433294,-6.160436119046758,7.3173001121035695,1.806168227678733,0.15707626658952012,-0.8374939427910173,-0.03918080015429309,-0.07607950042811484,-0.041698508609433284,-0.07585634815759872
1592254093.6533294,-6.471848989583833,7.2333204531272495,1.8981123697979168,0.15222222222222223,-0.8333333333333334,-0.04888888888888889,-0.07199483164476608,-0.02399827721492203,-0.10581058590215622
1592254093.6633294,-6.352843382421043,7.223761229971289,1.8208247661387422,0.15222222222222223,-0.8333333333333334,-0.04888888888888889,-0.06758144769670793,-3.990721117774071e-05,-0.09572285116373758
1592254093.6733294,-6.390154613347331,7.320154613347332,1.8314724058123164,0.15222222222222223,-0.8333333333333334,-0.04888888888888889,-0.05571695867979219,0.01868787216101454,-0.06304841074025244
1592254093.6833293,-6.5494468085106385,7.500677811550152,1.9357537993920972,0.15222222222222223,-0.8333333333333334,-0.04888888888888889,-0.04028680118200513,0.01731901091905847,-0.02140017690743199
1592254093.6933293,-6.539001864333859,7.5575010755772265,1.9649992829485157,0.14988893669232117,-0.8383887853147857,-0.044222317829086796,-0.02148950720790989,0.005781575227234192,0.020943700725745806
1592254093.7033293,-6.280511086057873,7.3313596862081924,1.761533258173619,0.14555555555555555,-0.8477777777777777,-0.035555555555555556,-0.009946862035224753,-0.002496182390949473,0.05888592849052206
1592254093.7133293,-6.215620347695366,7.252481390781466,1.6848883446887957,0.14555555555555555,-0.8477777777777777,-0.035555555555555556,-0.017039156099403336,-0.006536864891612676,0.05925538914083596
1592254093.7233293,-6.22,7.300530057020123,1.7655759543839014,0.14555555555555555,-0.8477777777777777,-0.035555555555555556,-0.02647905328837826,-0.008852300014226334,0.03152846544104039
1592254093.7333293,-6.201153479840558,7.188074358883911,1.7782697802391618,0.14555555555555555,-0.8477777777777777,-0.035555555555555556,-0.03407806310229748,0.01047857844548308,0.005244099051935236
1592254093.7433293,-6.175589688744652,7.172309337660422,1.9070268476176426,0.14555555555555555,-0.8389571552670829,-0.028205036796643226,-0.04071317915318948,0.03557795526149314,-0.02197338536372867
1592254093.7533293,-6.1718672999851565,7.340164761763396,2.0302746029389933,0.14555555555555555,-0.8277777777777777,-0.01888888888888889,-0.04269816409354727,0.044795952963671073,-0.0360213794494885
1592254093.7633293,-6.430843908813707,7.405180484971686,1.9920487875707855,0.14555555555555555,-0.8277777777777777,-0.01888888888888889,-0.06850550361537784,0.06836741935863609,-0.030287050515423308
1592254093.7733293,-6.308992812427545,7.224172733596105,1.81172664038952,0.14555555555555555,-0.8277777777777777,-0.01888888888888889,-0.06029390740680231,0.07952078000146307,-0.004849884748202074
1592254093.7833292,-6.266758824803292,7.035494116797805,1.7654941167978055,0.14555555555555555,-0.8277777777777777,-0.01888888888888889,-0.050561932042126743,0.07702644906848233,0.0006294738522541433
1592254093.7933292,-6.429754777217416,7.126584925739138,1.8565849257391385,0.15254286257756391,-0.8298328680783684,-0.016422780528180057,-0.042542400517361786,0.07030541422087751,-0.02123564340464542
1592254093.8033292,-6.700245251437304,7.182336074521505,1.9114060112073357,0.16444444444444445,-0.8333333333333334,-0.012222222222222223,-0.04467293807217147,0.05543025541985575,-0.04720929230408776
1592254093.8133292,-5.71722406953681,6.87810407187026,1.6080311515575778,0.16444444444444445,-0.8333333333333334,-0.012222222222222223,-0.051913891820760553,0.017947004492058494,-0.11708533574444699
1592254093.8233292,-6.473798023103489,7.069471954269382,1.9093866857210908,0.16444444444444445,-0.8333333333333334,-0.012222222222222223,-0.04587249371860355,0.028935816163032285,-0.1469369459453577
1592254093.8333292,-6.768730603448276,6.9315158045977014,1.8238189655172414,0.16444444444444445,-0.8333333333333334,-0.012222222222222223,-0.049821227515694545,0.024394996384202804,-0.15005204156396465
1592254093.8433292,-6.486782760270695,6.853520062888783,1.8762225716043475,0.1598923371385604,-0.8358163009547247,-0.009325426663932372,-0.039464787262773804,0.020553201105993874,-0.14741244406699774
1592254093.8533292,-6.72940160394818,6.854046884639112,1.9773781616286243,0.15222222222222223,-0.84,-0.0044444444444444444,-0.028751230834152423,0.04288021486209541,-0.14826213993238843
1592254093.8633292,-6.663966738973246,7.080472885032538,1.81,0.15222222222222223,-0.84,-0.0044444444444444444,-0.010735415484022244,0.04668937159844032,-0.140561473186103
1592254093.8733292,-6.494930544051873,7.233602243415293,1.6915647111721135,0.15222222222222223,-0.84,-0.0044444444444444444,0.011606194807116431,0.04083636564540191,-0.12645368787690045
1592254093.8833292,-6.527714203201993,7.2154693789144995,1.8462039961734926,0.15222222222222223,-0.84,-0.0044444444444444444,0.03719954863569827,0.042675970829952364,-0.12263609401511977
1592254093.8933291,-6.890292071816162,7.213370843803489,2.2349437342947667,0.15222222222222223,-0.84,-0.0044444444444444444,0.06904590595022962,0.049410951865293415,-0.11007832875381121
1592254093.9033291,-6.96,7.15,2.33,0.15222222222222223,-0.84,-0.0044444444444444444,0.07526732399225547,0.05563236990731925,-0.08726646259971647
1592254093.9133291,-6.621419283548337,7.1237968340443025,1.7636310839286633,0.15222222222222223,-0.84,-0.0044444444444444444,0.05777002149316535,0.08890506344750468,-0.0611729739953995
1592254093.923329,-7.065365790294087,6.8888693754546395,2.2339691364439367,0.15222222222222223,-0.84,-0.0044444444444444444,0.06170811486166159,0.12372586333886812,-0.037586505640987075
1592254093.933329,-6.985348862153417,6.809767425231056,1.8923044745168847,0.15222222222222223,-0.84,-0.0044444444444444444,0.09311497234470248,0.10414320739954876,-0.02876287880612833
1592254093.943329,-6.8277557050110795,6.912541305446488,1.7572934727675622,0.1499339976760962,-0.8426695953038137,-0.002537590656006082,0.1292868350903111,0.08183033158823956,-0.019440561195033637
1592254093.953329,-6.677924035276002,7.047011338714945,1.797924035276002,0.14555555555555555,-0.8477777777777777,0.0011111111111111111,0.16839854812530247,0.03659261108882522,0.004929887333241297
1592254093.963329,-6.518239448253076,7.172454778227471,1.6354728669364829,0.14555555555555555,-0.8477777777777777,0.0011111111111111111,0.1869435918154058,0.020039904853246304,0.013309450994497107
1592254093.973329,-6.554204459357074,7.118181621387596,1.6138256304794891,0.14555555555555555,-0.8477777777777777,0.0011111111111111111,0.19910554447967094,0.011317354609893554,0.03101842680698454
1592254093.983329,-6.659867135599844,7.359878207633191,1.7699446398332683,0.14555555555555555,-0.8477777777777777,0.0011111111111111111,0.19523978831368047,0.029451625946417707,0.04035550527595596
1592254093.993329,-6.332059398202423,7.059387781685555,1.633358082584343,0.14555555555555555,-0.8477777777777777,0.0011111111111111111,0.14855537102867988,0.02746505499811981,0.027442794112019626
1592254094.003329,-6.65856581645917,7.340895462029521,1.9669889367110545,0.14555555555555555,-0.8333333333333334,0.022222222222222223,0.06567069772405923,0.07560356291539072,0.028033144292545192
1592254094.013329,-6.506184271422977,7.003358372791247,1.8008395931978118,0.14555555555555555,-0.8333333333333334,0.022222222222222223,0.03402386996686354,0.07067913440775309,0.013156609911968362
1592254094.023329,-6.715234789419346,6.923720080221202,1.7809300200553004,0.14555555555555555,-0.8333333333333334,0.022222222222222223,0.022621932960500125,0.06307784307017747,0.01804315434326697
1592254094.033329,-6.640256645079697,7.106867054796014,1.8483722552931685,0.14555555555555555,-0.8333333333333334,0.022222222222222223,0.024011644714535277,0.04990582345823399,0.013976505770001691
1592254094.043329,-6.427646229868229,7.160984260614934,1.9160790629575402,0.14220048397592322,-0.829978261753701,0.028322352367008297,0.035804903354674164,0.03529160997530435,-0.003122662826577291
1592254094.053329,-6.604586192791892,6.467785756487752,1.7952920056355952,0.13333333333333333,-0.8211111111111111,0.044444444444444446,0.04006213995209726,0.031342136937358295,-0.022565071420658066
1592254094.063329,-7.049405657444824,6.792377370220702,1.7117830276655268,0.13333333333333333,-0.8211111111111111,0.044444444444444446,0.074152180941464,0.04558797836076454,-0.016370565826878503
1592254094.073329,-6.999467281467673,7.005882272147552,1.875349553615226,0.13333333333333333,-0.8211111111111111,0.044444444444444446,0.07111829298027915,0.013128709774855314,-0.015310371339848226
1592254094.083329,-7.112505677517032,6.597595365829576,1.579449363130698,0.13333333333333333,-0.8211111111111111,0.044444444444444446,0.07288342269458958,0.004114517636035245,-0.006580528336971675
1592254094.093329,-6.744184031724381,7.100980525877093,1.8378106135232755,0.1308678459470306,-0.8232243860136563,0.046557719346989636,0.1006487363965216,-0.016066492848922254,-0.011439437248171454
1592254094.103329,-6.533153874613612,7.120469512704531,1.7348660325341037,0.12555555555555556,-0.8277777777777777,0.051111111111111114,0.10634500693142594,-0.04402124309903861,-0.018276912787804897
1592254094.113329,-6.82348959887336,7.290666316580936,1.5796865937056177,0.12555555555555556,-0.8277777777777777,0.051111111111111114,0.11398966216234507,-0.04511333670345563,-0.014454585172345326
1592254094.123329,-7.122641347494904,7.424137431606051,1.4880458105353502,0.12555555555555556,-0.8277777777777777,0.051111111111111114,0.12328886419316089,-0.026067502810138796,-0.01945926373924124
1592254094.133329,-6.760711726158658,7.082492922333749,1.5311346043436083,0.12555555555555556,-0.8277777777777777,0.051111111111111114,0.11197850608717895,-0.010737073890288657,-0.04879815125003577
1592254094.143329,-6.029296057303405,6.657776096822996,1.6382080335916516,0.13240355950751456,-0.8296800010977664,0.061002672375051886,0.09146398376168136,-0.03384542550131182,-0.08454549839122992
1592254094.153329,-6.22,6.98,1.75,0.14555555555555555,-0.8333333333333334,0.08,0.10581058590215622,-0.03599741582238304,-0.09817477042468103
1592254094.163329,-7.082016319177683,7.003747052745914,1.6300407979442075,0.14555555555555555,-0.8333333333333334,0.08,0.10142501094546835,-0.05102239828265551,-0.10255144465068809
1592254094.1733289,-7.147867655800462,7.029684238057874,1.590839099317593,0.14555555555555555,-0.8333333333333334,0.08,0.12430516960846291,-0.0879836195803862,-0.0952188646271394
1592254094.1833289,-6.989340578704163,6.764042599607322,1.4052979790968407,0.14555555555555555,-0.8333333333333334,0.08,0.1324048080346049,-0.10565856662705156,-0.10231760395001811
1592254094.1933289,-6.721400309216547,6.68376676237655,1.3489338339696464,0.13470738368444485,-0.8292185095201534,0.0949629956842906,0.12353292913445792,-0.10656690166950476,-0.11973324607938333
1592254094.2033288,-7.0,6.77,1.8,0.11333333333333333,-0.8211111111111111,0.12444444444444444,0.10471975511965977,-0.11235557059713495,-0.1407171709420428
1592254094.2133288,-6.3675186764895955,6.912137521002973,1.3478624789970273,0.11333333333333333,-0.8211111111111111,0.12444444444444444,0.09910743990799119,-0.12895119970540933,-0.1940178671410867
1592254094.2233288,-7.008006572792477,7.174640055652842,1.6080619857509535,0.11333333333333333,-0.8211111111111111,0.12444444444444444,0.090429026669391,-0.11506392494381254,-0.19469457206605384
1592254094.2333288,-7.76,7.52,1.92,0.11333333333333333,-0.8211111111111111,0.12444444444444444,0.08617563181722002,-0.09926560120717749,-0.17889624832941878
1592254094.2433288,-6.250031465154678,7.066546621390074,1.8708554783638118,0.11519735817315181,-0.8170723906248377,0.1163670034718977,0.061086523819801536,-0.1338887992912325,-0.12324963940848954
1592254094.2533288,-6.92,6.8,1.77,0.12,-0.8066666666666666,0.09555555555555556,0.061086523819801536,-0.09381144729469522,-0.06981317007977318
1592254094.2633288,-7.016042539732743,6.855467436282649,1.9909348725652989,0.12,-0.8066666666666666,0.09555555555555556,0.06728632746065275,-0.10600680951488488,-0.011269244269535354
1592254094.2733288,-6.942625020846735,6.781849998808758,1.884450003573726,0.12,-0.8066666666666666,0.09555555555555556,0.12177216934117295,-0.11938597538015765,0.01717240482792172
1592254094.2833288,-7.15,6.77,1.92,0.12,-0.8066666666666666,0.09555555555555556,0.14180800172453928,-0.12326387842209952,0.02945243112740431
1592254094.2933288,-6.960789473684211,6.757631578947369,1.9521052631578946,0.1163157894736842,-0.7992982456140351,0.10845029239766082,0.15911776387836463,-0.11469511556485763,0.022146735492000413
1592254094.3033288,-6.57,6.83,2.01,0.10666666666666667,-0.78,0.14222222222222222,0.17016960206944715,-0.1265363707695889,0.008726646259971648
1592254094.3133287,-7.036033506086538,6.735206701217307,1.8624290707484632,0.10666666666666667,-0.78,0.14222222222222222,0.17961924418805497,-0.11436952531071742,-0.013690353607306912
1592254094.3233287,-6.899076421842907,6.706011757206601,2.1149706069834973,0.10666666666666667,-0.78,0.14222222222222222,0.18784362577046504,-0.13419142393137895,-0.02946525625028089
1592254094.3333287,-6.9438778968942145,6.775832019549109,1.9052215040201799,0.10666666666666667,-0.78,0.14222222222222222,0.18957140246789908,-0.15257808548495527,-0.04843121859550066
1592254094.3433287,-6.83161129740381,6.9196045217271065,1.395258754796557,0.10680175768121286,-0.7817561831891006,0.142762586280407,0.18013622128859352,-0.13734188173649403,-0.060791444797675676
1592254094.3533287,-7.06,6.7,1.65,0.10777777777777778,-0.7944444444444444,0.14666666666666667,0.14180800172453928,-0.1287180323345818,-0.06654067773228381
1592254094.3633287,-7.330588096987509,6.720591036002939,1.460589272593681,0.10777777777777778,-0.7944444444444444,0.14666666666666667,0.14392551185982533,-0.11299727725231348,-0.07943819283312074
1592254094.3733287,-7.080384734276542,7.173395315658067,1.614270598026394,0.10777777777777778,-0.7944444444444444,0.14666666666666667,0.14147959824012155,-0.11597745042863877,-0.05764405848175933
1592254094.3833287,-6.862071697075272,6.873905198496379,1.542189603007243,0.10777777777777778,-0.7944444444444444,0.14666666666666667,0.12724635589152364,-0.10075013919223887,0.02174574715332354
1592254094.3933287,-7.184868993198796,6.8279507191437165,1.7130817259449214,0.10777777777777778,-0.7920510152252821,0.15038977878536358,0.11393102587043168,-0.09175136753059823,0.09449273511198636
1592254094.4033287,-7.0,6.96,2.03,0.10777777777777778,-0.7744444444444445,0.17777777777777778,0.10144726277217041,-0.11671889372712078,0.13962634015954636
1592254094.4133286,-6.702107277724973,6.688920543581576,1.583296683535849,0.10777777777777778,-0.7744444444444445,0.17777777777777778,0.10128226645477273,-0.11487921841510362,0.1779647813473708
1592254094.4233286,-6.758863231839001,6.441404466383464,1.6060872867076441,0.10777777777777778,-0.7744444444444445,0.17777777777777778,0.08654044154232955,-0.11562806294462433,0.12637956886035043
1592254094.4333286,-6.704879689726136,6.62730647459237,1.5381197562133924,0.10777777777777778,-0.7744444444444445,0.17777777777777778,0.08549643121958599,-0.11141164883604247,0.06836605362180011
1592254094.4433286,-6.992762965462932,6.887798121273484,1.7537166722915964,0.10657160535493307,-0.7732382720215998,0.18421069736628293,0.06662329690477968,-0.09414496122867314,0.011636540761293683
1592254094.4533286,-6.866316762310056,7.0471227459324695,1.7351077868764373,0.10111111111111111,-0.7677777777777778,0.21333333333333335,0.07459871625362555,-0.061086523819801536,-0.02444401570734197
1592254094.4633286,-6.703584513117167,6.510745420408992,1.8402973562693459,0.10111111111111111,-0.7677777777777778,0.21333333333333335,0.05996325650010799,-0.05584387162853095,-0.04233089879615008
1592254094.4733286,-7.025574687346262,6.49198234121333,1.6509771885761633,0.10111111111111111,-0.7677777777777778,0.21333333333333335,0.08031083113881464,-0.027179907010243115,-0.06400166677032694
1592254094.4833286,-7.01462259052423,6.690524029704358,1.6035745311155147,0.10111111111111111,-0.7677777777777778,0.21333333333333335,0.09576786395181901,0.0011731687572516377,-0.06872233929727672
1592254094.4933286,-6.942211674150096,6.60947081462476,1.7224762668377165,0.10219282303470886,-0.76669606585418,0.21333333333333335,0.11396813195882866,0.01994429102460374,-0.06638600926245004
1592254094.5033286,-6.91,6.69,1.65,0.10666666666666667,-0.7622222222222222,0.21333333333333335,0.1341721862470641,0.039269908169872414,-0.056723200689815706
1592254094.5133286,-7.184431495167709,6.884601572863369,1.3106535436801214,0.10666666666666667,-0.7622222222222222,0.21333333333333335,0.14429337811370935,0.022300016784071237,-0.02054901839540646
1592254094.5233285,-7.092104678941145,6.705256147293743,1.375256147293743,0.10666666666666667,-0.7622222222222222,0.21333333333333335,0.1496734020596418,0.0025861594447405788,0.02118374374762072
1592254094.5333285,-7.069248509570128,6.807235644807029,1.4880891120175714,0.10666666666666667,-0.7622222222222222,0.21333333333333335,0.14658821594115223,-0.03824992833559584,0.043019018611063164
1592254094.5433285,-6.928620372499425,6.84,1.568792825936997,0.10670498965279375,-0.762081704606423,0.2134546894560691,0.12862397357545644,-0.0633685147278615,0.06015245763584734
1592254094.5533285,-6.851472740251628,6.787912019273668,1.3131208173463014,0.11333333333333333,-0.7377777777777778,0.23444444444444446,0.11093509127777583,-0.07617594408278856,0.08925513364681924
1592254094.5633285,-7.188876719488727,6.64,1.286504953553016,0.11333333333333333,-0.7377777777777778,0.23444444444444446,0.10211758037425328,-0.064179392301061,0.09444667461905838
1592254094.5733285,-6.783009649184892,6.64,1.6492233467808526,0.11333333333333333,-0.7377777777777778,0.23444444444444446,0.07976832954105734,-0.06540748708784881,0.08960698651449471
1592254094.5833285,-6.999784178386013,6.661199053169693,1.4264028404909195,0.11333333333333333,-0.7377777777777778,0.23444444444444446,0.0572202183713518,-0.05298769165210113,0.07300195098854054
1592254094.5933285,-7.049842460167485,6.769658663696219,1.101024008911344,0.11333333333333333,-0.7377777777777778,0.23444444444444446,0.026277320049221405,-0.03387590151196178,0.050249819869327014
1592254094.6033285,-7.43,6.43,1.47,0.12,-0.7377777777777778,0.2411111111111111,0.002181661564992912,-0.05017821599483697,-0.001090830782496456
1592254094.6133285,-7.511753538142907,6.585892567908447,1.332164307904729,0.12,-0.7377777777777778,0.2411111111111111,0.030550155452988684,-0.09470410319564734,-0.05914784516642443
1592254094.6233284,-7.1886731252242555,6.452831718693936,1.4267312522425548,0.12,-0.7377777777777778,0.2411111111111111,0.047918900742277754,-0.1366715860356776,-0.09826126974399634
1592254094.6333284,-7.16,6.46,1.14,0.12,-0.7377777777777778,0.2411111111111111,0.06981317007977318,-0.17889624832941878,-0.11780972450961724
1592254094.6433284,-7.757222600619195,6.742006501547988,1.431847987616099,0.12,-0.7362219814241486,0.24362432060543515,0.07172644674605094,-0.23241493940750874,-0.10921667969161326
1592254094.6533284,-7.32,7.09,1.53,0.12,-0.7233333333333334,0.2644444444444444,0.07853981633974483,-0.2781618495365963,-0.074176493209759
1592254094.6633284,-6.654669949222957,6.922815817818126,1.5687367287274965,0.12,-0.7233333333333334,0.2644444444444444,0.07981645258096164,-0.26445756399585607,-0.04614605291006819
1592254094.6733284,-6.937364109667558,7.017907670997325,1.277989587313718,0.12,-0.7233333333333334,0.2644444444444444,0.06399432042492922,-0.24026136749666052,-0.03145621266319189
1592254094.6833284,-6.905925918628706,7.011548812924835,1.4531313171116145,0.12,-0.7233333333333334,0.2644444444444444,0.0210967382573625,-0.21792374727072694,-0.015848263599899253
1592254094.6933284,-6.843999754050482,6.900823623451287,1.5289408798844037,0.12039215284396211,-0.7215294302511077,0.26342484705014296,-0.011498611370741995,-0.18764858329045084,0.008457116115816822
1592254094.7033284,-7.16,6.78,1.91,0.12555555555555556,-0.6977777777777778,0.25,-0.04799655442984406,-0.15926129424448257,0.04799655442984406
1592254094.7133284,-6.889376932470705,6.707242445501078,1.956594694312365,0.12555555555555556,-0.6977777777777778,0.25,-0.03246853416789487,-0.14500983537842393,0.06470692449621089
1592254094.7233284,-7.0416255816728315,6.794618541940102,1.9113380264884858,0.12555555555555556,-0.6977777777777778,0.25,-0.010581826505931735,-0.12350713850233884,0.06343142604431086
1592254094.7333283,-6.7460339178267175,6.574184125345036,1.8080290724229005,0.12555555555555556,-0.6977777777777778,0.25,0.006104423969470605,-0.10603086626491028,0.07046872565239844
1592254094.7433283,-6.672875208191969,6.381311146752205,1.8058340016038492,0.12555555555555556,-0.6971621806866395,0.25190275464533685,0.015232703954291929,-0.09968111413555425,0.07569996210934021
1592254094.7533283,-6.35,8.48,2.67,0.12555555555555556,-0.6855555555555556,0.2877777777777778,0.05563236990731925,-0.04581489286485115,0.20725784867432664
1592254094.7633283,-6.134089124799408,6.2762977410196275,2.8756627576842364,0.12555555555555556,-0.6855555555555556,0.2877777777777778,0.012135893050456127,-0.0477556317738704,0.3531143528438157
1592254094.7733283,-6.862252098449281,7.233277374685825,1.2819495423720777,0.12555555555555556,-0.6855555555555556,0.2877777777777778,0.025357690224512033,0.004157075568463873,0.44933703132724356
1592254094.7833283,-6.821179164167167,6.142669266146771,2.1137932413517295,0.12555555555555556,-0.6855555555555556,0.2877777777777778,0.04806879661244011,-0.03399254256957038,0.4708552205046934
1592254094.7933283,-6.378141461970997,7.0545430929597845,2.52390812534938,0.1254293585288949,-0.6855555555555556,0.2875712735523331,0.11343513832133988,-0.029587587826902736,0.4523456199289916
1592254094.8033283,-6.2,7.49,1.94,0.11333333333333333,-0.6855555555555556,0.2677777777777778,0.11235557059713495,-0.042542400517361786,0.41887902047863906
1592254094.8133283,-6.433271821369257,7.3890388316241795,1.951922336751641,0.11333333333333333,-0.6855555555555556,0.2677777777777778,0.13876743277516854,-0.0063151605415051985,0.4014055982155237
1592254094.8233283,-6.418034749034749,7.319032818532818,1.9348976833976834,0.11333333333333333,-0.6855555555555556,0.2677777777777778,0.10956931922971978,0.025632838707921546,0.3786846437498556
1592254094.8333282,-6.5735820689110165,7.012925359570096,1.7284178915757864,0.11333333333333333,-0.6855555555555556,0.2677777777777778,0.11235231638012537,0.0716399064796615,0.367857445051776
1592254094.8433282,-6.283554212106844,6.822335625098783,1.4632495653548285,0.11333333333333333,-0.6855555555555556,0.2677777777777778,0.1403737756186609,0.09785352963829151,0.35791434661229565
1592254094.8533282,-6.43,6.85,1.27,0.13333333333333333,-0.6788888888888889,0.28888888888888886,0.14398966328953217,0.10581058590215622,0.30325095753401476
1592254094.8633282,-6.186054872280038,7.142317880794702,1.6485122989593188,0.13333333333333333,-0.6788888888888889,0.28888888888888886,0.14825107578586472,0.1493419065683612,0.2509741564907326
1592254094.8733282,-6.660501148765078,7.576937105112005,1.4275258472142447,0.13333333333333333,-0.6788888888888889,0.28888888888888886,0.14726215563702155,0.15340708550453103,0.2036078574489199
1592254094.8833282,-6.34,7.24,1.37,0.13333333333333333,-0.6788888888888889,0.28888888888888886,0.14726215563702155,0.17671458676442586,0.17671458676442586
1592254094.8933282,-6.784959732789015,7.527369827426239,1.5924798663945074,0.13333333333333333,-0.6788888888888889,0.28888888888888886,0.1290605641308595,0.1645801924269845,0.16154659384262415
1592254094.9033282,-6.86,7.4,1.81,0.12555555555555556,-0.6588888888888889,0.2822222222222222,0.08944812416470939,0.13635384781205698,0.15162547876700738
1592254094.9133282,-6.084291392012408,6.943527530050407,1.471272780147344,0.12555555555555556,-0.6588888888888889,0.2822222222222222,0.11621514054295898,0.15786899403964244,0.1426052937078684
1592254094.9233282,-7.166241353808674,7.481923696002088,1.619888197676948,0.12555555555555556,-0.6588888888888889,0.2822222222222222,0.14570643932093105,0.1464995421559188,0.12514781203958372
1592254094.9333282,-6.601860257459632,6.954464617903118,1.7266061462906466,0.12555555555555556,-0.6588888888888889,0.2822222222222222,0.1446033824313177,0.12952972277471606,0.10899695789394735
1592254094.9433281,-6.633070168911377,7.029368405387306,1.5018947838380832,0.12555555555555556,-0.6588888888888889,0.2822222222222222,0.1732009574209814,0.1431476156269369,0.08925101325822718
1592254094.9533281,-6.5737726406101045,6.932790753098189,1.1970543374642515,0.12470858489566783,-0.6631237421883275,0.2940798114606503,0.231120811918255,0.14554557897905585,0.0677301668279255
1592254094.9633281,-7.234029591357445,6.932224048849225,0.7430939408172852,0.12444444444444444,-0.6644444444444444,0.29777777777777775,0.2664545555574631,0.16609812356778916,0.049620042648452926
1592254094.973328,-6.459927486433328,7.064130429631033,0.8028984099149269,0.12444444444444444,-0.6644444444444444,0.29777777777777775,0.2144431041731551,0.12573011914973856,0.06138689713889935
1592254094.983328,-6.656302711935417,7.1311679208495145,1.462567395542951,0.12444444444444444,-0.6644444444444444,0.29777777777777775,0.21484277781597097,0.0556791079960841,0.06326818538479445
1592254094.993328,-6.250788604392595,7.442062069965678,1.1043632672134582,0.12444444444444444,-0.6644444444444444,0.29777777777777775,0.23917187773440685,0.0807454533665938,0.06326818538479445
1592254095.003328,-6.230666100543479,7.274688179347826,1.1946542119565218,0.13111111111111112,-0.6522222222222223,0.32,0.22689465539306464,0.10973516829520112,0.05483403294945007
1592254095.013328,-6.23778957201087,7.003996263586957,1.3513705842391304,0.13111111111111112,-0.6522222222222223,0.32,0.20358314952846773,0.1400401259191771,0.034630727866799424
1592254095.023328,-6.360285245015489,7.322955570801888,0.8346593484272021,0.13111111111111112,-0.6522222222222223,0.32,0.17666791365790852,0.15075592568144472,-0.0037850574011329408
1592254095.033328,-6.91948817622287,6.999860706187237,0.9026044703595724,0.13111111111111112,-0.6522222222222223,0.32,0.13043166494867853,0.18180089006317998,-0.03112419025665301
1592254095.043328,-7.224019610073481,6.868062879632368,0.8580628796323679,0.13111111111111112,-0.6522222222222223,0.32,0.09783402384337524,0.19825388517263243,-0.05149621116487062
1592254095.053328,-7.33,6.91,0.78,0.14333333333333334,-0.6644444444444444,0.32666666666666666,0.04799655442984406,0.20289452554434081,-0.07963064712224129
1592254095.063328,-7.411656898221294,6.788105091483614,0.862559502573773,0.14333333333333334,-0.6644444444444444,0.32666666666666666,0.015199134989384133,0.15644334715348832,-0.06867580622735421
1592254095.073328,-7.0,6.97,0.92,0.14333333333333334,-0.6644444444444444,0.32666666666666666,-0.01090830782496456,0.06872233929727672,-0.06763150851478027
1592254095.083328,-6.808850925360992,6.97,1.1207065283709579,0.14333333333333334,-0.6644444444444444,0.32666666666666666,-0.002567856038486877,0.0249349674182689,-0.02905691900232099
1592254095.093328,-6.7251122720190635,7.185302217945193,1.0551122720190633,0.14333333333333334,-0.6644444444444444,0.32666666666666666,-0.00524503052422392,-0.00874736614629484,-0.009911678793435689
1592254095.103328,-6.68,7.2,1.12,0.15777777777777777,-0.6466666666666666,0.3055555555555556,-0.0032724923474893677,-0.025089107997418484,-0.01308996938995747
1592254095.113328,-6.745557413600892,7.2,1.148096034400382,0.15777777777777777,-0.6466666666666666,0.3055555555555556,-0.021661303861499143,-0.027132309276752906,-0.003895563632952584
1592254095.123328,-6.75,7.21,1.14,0.15777777777777777,-0.6466666666666666,0.3055555555555556,-0.028361600344907853,-0.022907446432425576,0.03599741582238304
1592254095.133328,-6.767815648019112,7.2010921759904445,1.2379860641051166,0.15777777777777777,-0.6466666666666666,0.3055555555555556,-0.025446521754502432,-0.01902067497855168,0.07778020895152742
1592254095.143328,-6.761211353496401,7.147268120978409,1.3642524045467792,0.15777777777777777,-0.6466666666666666,0.3055555555555556,-0.019336952311855487,-0.022378893759481752,0.13179646279701615
1592254095.153328,-6.72,7.16,1.49,0.14333333333333334,-0.6522222222222223,0.3211111111111111,0.001090830782496456,-0.016362461737446838,0.19525871006686563
1592254095.163328,-6.664479676440849,7.178506774519716,1.4992533872598583,0.14333333333333334,-0.6522222222222223,0.3211111111111111,0.02329736604640752,-0.013334297837822601,0.24875627229356048
1592254095.173328,-6.5584659015960955,7.2381818581541575,1.3102840434419383,0.14333333333333334,-0.6522222222222223,0.3211111111111111,0.05926434766635551,-0.011776013039146655,0.3110479299137978
1592254095.183328,-6.530802664556127,7.3857191223673215,1.1350835421888053,0.14333333333333334,-0.6522222222222223,0.3211111111111111,0.0854168034388233,-0.00775255830492084,0.35329420462316885
1592254095.193328,-6.485503354238141,7.39,1.049906037628652,0.14333333333333334,-0.6522222222222223,0.3211111111111111,0.09879559265508812,-0.006665049259177644,0.3904383543883574
1592254095.203328,-6.42,7.43,0.98,0.1511111111111111,-0.64,0.3288888888888889,0.10144726277217041,-0.015271630954950384,0.43305982065109305
1592254095.213328,-6.374261374712464,7.530624975632579,0.9159659245974502,0.1511111111111111,-0.64,0.3288888888888889,0.10543871080518757,-0.027245975054001892,0.46598926692348464
1592254095.2233279,-6.20959690144886,7.668790704346579,0.7568526753693875,0.1511111111111111,-0.64,0.3288888888888889,0.09022270634421842,-0.0394457930930579,0.5041041851931645
1592254095.2333279,-6.2,7.64,0.92,0.1511111111111111,-0.64,0.3288888888888889,0.056723200689815706,-0.04363323129985824,0.533416252640767
1592254095.2433279,-6.2,7.576413732394366,1.0259771126760564,0.1511111111111111,-0.64,0.3288888888888889,0.034373268652035764,-0.048257355169743735,0.5511420608086615
1592254095.2533278,-6.22,7.55,1.28,0.12444444444444444,-0.6522222222222223,0.3288888888888889,0.01308996938995747,-0.056723200689815706,0.5868669609830933
1592254095.2633278,-6.279678363745739,7.445562863444957,1.362057750150391,0.12444444444444444,-0.6522222222222223,0.3288888888888889,0.018786131559458817,-0.057536938142601614,0.6120928220194564
1592254095.2733278,-6.270616364550657,7.450280165704845,1.219943966859031,0.12444444444444444,-0.6522222222222223,0.3288888888888889,0.05481047889486144,-0.07328125498729066,0.6623665511403821
1592254095.2833278,-6.38,7.5,1.21,0.12444444444444444,-0.6522222222222223,0.3288888888888889,0.10253809355466686,-0.10799224746714915,0.7035858547102141
1592254095.2933278,-6.0251916376306625,7.666968641114983,1.1682578397212542,0.12444444444444444,-0.6522222222222223,0.3288888888888889,0.1298582735706408,-0.14138357859778397,0.7384949736195142
1592254095.3033278,-5.66,7.86,1.16,0.11888888888888889,-0.6644444444444444,0.3211111111111111,0.17344209441693648,-0.19525871006686563,0.8061239482648809
1592254095.3133278,-5.58325741142444,7.953796497147907,1.10883827428296,0.11888888888888889,-0.6644444444444444,0.3211111111111111,0.17716268010345568,-0.1859572458505676,0.8330981944921452
1592254095.3233278,-5.579964853817917,7.94010543854625,0.9704569003670823,0.11888888888888889,-0.6644444444444444,0.3211111111111111,0.16367445747296314,-0.1528274913076844,0.8584109826038337
1592254095.3333278,-5.59992565055762,7.900148698884759,1.189182156133829,0.11888888888888889,-0.6644444444444444,0.3211111111111111,0.1364552261375678,-0.12989402091050736,0.8813061144637073
1592254095.3433278,-5.6,7.9,1.19,0.11888888888888889,-0.6644444444444444,0.3211111111111111,0.13635384781205698,-0.12980886311707826,0.8813912722571364
1592254095.3533278,-5.607211280786082,7.871154876855672,1.276535369432983,0.09965880679267042,-0.6604381773410656,0.3211111111111111,0.12219453109922686,-0.08025125462217281,0.938028539108457
1592254095.3633277,-5.4285692219679635,7.983702803203661,1.0873349542334096,0.09222222222222222,-0.6588888888888889,0.3211111111111111,0.13021277628868627,-0.03679753520898364,0.9995131441108068
1592254095.3733277,-5.4080755545461425,8.118453327276857,0.9315466727231434,0.09222222222222222,-0.6588888888888889,0.3211111111111111,0.14589764681582473,-0.01586019564469618,1.0513058599079033
1592254095.3833277,-5.365306280329137,8.147877487868346,0.8574287924607918,0.09222222222222222,-0.6588888888888889,0.3211111111111111,0.14823722134104644,-0.0024800117241552105,1.0959018913215899
1592254095.3933277,-5.197499782846621,8.189000052116812,0.784999913138648,0.09222222222222222,-0.6588888888888889,0.3211111111111111,0.14409874068271963,-0.023780141378754407,1.1275918158719804
1592254095.4033277,-4.988954968006761,8.267891102257636,0.9026219968610407,0.08345084309227735,-0.6729230954968006,0.3176025594591332,0.13893757461657202,-0.05609040557815381,1.1558778793920321
1592254095.4133277,-4.7457753484558625,8.374910084722602,1.0766067231484013,0.07555555555555556,-0.6855555555555556,0.31444444444444447,0.12836749972073666,-0.08549048633912945,1.1829214062211248
1592254095.4233277,-4.494971081032735,8.434754337845089,1.0752456621549102,0.07555555555555556,-0.6855555555555556,0.31444444444444447,0.11336285405746119,-0.07561884715509619,1.212980187121961
1592254095.4333277,-4.391027099364336,8.52621612579458,1.0182703245232518,0.07555555555555556,-0.6855555555555556,0.31444444444444447,0.10562190757677961,-0.029673589860824474,1.2342956499796214
1592254095.4433277,-4.34627542744206,8.607449145115881,0.8953364533030037,0.07555555555555556,-0.6855555555555556,0.31444444444444447,0.10104097493238615,0.005051282990853997,1.242152399613164
1592254095.4533277,-4.281730867799551,8.69792295864054,0.7917308677995506,0.026213775972873873,-0.6716111395865368,0.30693591276881893,0.09294718657734054,0.031180952562113638,1.2530624756682387
1592254095.4633276,-4.131014492753623,8.743454106280193,0.7962077294685991,0.024444444444444446,-0.6711111111111111,0.30666666666666664,0.08324040116093728,0.028248301495518126,1.260136151482186
1592254095.4733276,-3.713146171158174,8.947434935656991,0.6692584684632696,0.024444444444444446,-0.6711111111111111,0.30666666666666664,0.06828075709754144,0.010899558013736732,1.267328953066628
1592254095.4833276,-3.575825214762202,9.026601958055382,0.6980582617459327,0.024444444444444446,-0.6711111111111111,0.30666666666666664,0.05413909339652978,0.0015144523543139596,1.253015076056612
1592254095.4933276,-3.5411758156107336,9.025195969268456,0.7336282151208106,0.024444444444444446,-0.6711111111111111,0.30666666666666664,0.04821032374029877,-0.006245707660342139,1.2381246998804571
1592254095.5033276,-3.569631100294607,9.000122966568464,0.869385167157679,-0.018622461323883125,-0.6909881445426469,0.30666666666666664,0.024112292575305932,-0.012012552179270886,1.193549959270556
1592254095.5133276,-3.6579709290905518,8.930879984285996,0.8574327244156354,-0.01888888888888889,-0.6911111111111111,0.30666666666666664,0.015773014579197428,-0.012684577160438065,1.183087297756467
1592254095.5233276,-3.701031255176984,8.881031255176985,0.751343806946822,-0.01888888888888889,-0.6911111111111111,0.30666666666666664,0.003081601478323136,-0.02189501402992907,1.1740713994336855
1592254095.5333276,-3.6829329521597356,8.914134095680529,0.705865904319471,-0.01888888888888889,-0.6911111111111111,0.30666666666666664,0.01428288131281798,-0.039662981467875676,1.1858351417140116
1592254095.5433276,-3.421002984738413,8.979768541983443,0.7929732875298005,-0.01888888888888889,-0.6911111111111111,0.30666666666666664,0.021433367936816848,-0.06644810117153468,1.2038518559080893
1592254095.5533276,-3.079631013916501,9.086497813121273,0.9356222664015904,-0.06457508283631544,-0.6911111111111111,0.30666666666666664,0.027127508565409977,-0.11400443831194153,1.2338176188069783
1592254095.5633276,-2.996113825917625,9.126943087041187,0.964628724694125,-0.06666666666666667,-0.6911111111111111,0.30666666666666664,0.024584192459413186,-0.1203295728748712,1.244223465646482
1592254095.5733275,-2.941158415007442,9.158841584992558,0.8739009800893033,-0.06666666666666667,-0.6911111111111111,0.30666666666666664,0.017120642586860954,-0.09432985919427643,1.2587722825092855
1592254095.5833275,-2.9153330371208144,9.122999555681222,0.9586678515167427,-0.06666666666666667,-0.6911111111111111,0.30666666666666664,0.007617529951170064,-0.0777579007980321,1.2646183632067864
1592254095.5933275,-2.9,9.112603841000446,1.00109423849933,-0.06666666666666667,-0.6911111111111111,0.30666666666666664,0.0001193629038461954,-0.06225140832223522,1.2730448323572732
1592254095.6033275,-2.8448061704093517,9.110801028401559,0.9808010284015587,-0.0963077973727554,-0.6860005713341993,0.3311972575958435,0.0119540470204611,-0.06383474430444641,1.291323797601189
1592254095.6133275,-2.683429353648375,9.138994564139189,0.9452065230329723,-0.09888888888888889,-0.6855555555555556,0.3333333333333333,0.026373797886957817,-0.08713129359072007,1.303388052708253
1592254095.6233275,-2.111707343978379,9.384822812387965,0.8162356250517084,-0.09888888888888889,-0.6855555555555556,0.3333333333333333,0.06712449376041069,-0.14701818449320186,1.3187245588487468
1592254095.6333275,-1.755551288820621,9.473334133346134,0.9600024000384006,-0.09888888888888889,-0.6855555555555556,0.3333333333333333,0.09526623740945936,-0.1993803099545246,1.3082695439383651
1592254095.6433275,-1.6323292491762373,9.538447167215843,0.9674756070251768,-0.09888888888888889,-0.6855555555555556,0.3333333333333333,0.10455036733955683,-0.21372878292237943,1.2954302829399045
1592254095.6533275,-1.5184821843393732,9.62,0.890624709624388,-0.12622037176020237,-0.6676487219502122,0.31542649972799003,0.12547481749388828,-0.2026704025262724,1.2453097850816117
1592254095.6633275,-1.4809551886792454,9.642311320754716,0.8297995283018869,-0.13111111111111112,-0.6644444444444444,0.31222222222222223,0.12458496711741068,-0.1821031364671118,1.2166712340993813
1592254095.6733274,-1.4248257463957317,9.643217164263822,0.7144772391871949,-0.13111111111111112,-0.6644444444444444,0.31222222222222223,0.11393479241223058,-0.1489408140644846,1.1677007324379758
1592254095.6833274,-1.4374629919364543,9.674925983872908,0.621416536285955,-0.13111111111111112,-0.6644444444444444,0.31222222222222223,0.1037834444756876,-0.12317394953944096,1.1341134880785064
1592254095.6933274,-1.377125607702329,9.695718598074418,0.6296482475930222,-0.13111111111111112,-0.6644444444444444,0.31222222222222223,0.09953748569314559,-0.12084870260647337,1.1206702088158331
1592254095.7033274,-1.168728029082187,9.74567814713488,0.6685593823782934,-0.18151636289439385,-0.6625423594714904,0.30651596730336006,0.08089702141109159,-0.13244356919474312,1.0855613703411262
1592254095.7133274,-1.0738206879825376,9.770314483204656,0.7055503456081491,-0.19,-0.6622222222222223,0.3055555555555556,0.07244590884695448,-0.14469802646188376,1.0699163212509037
1592254095.7233274,-0.6633229428153706,9.831058177705442,0.8878094397395935,-0.19,-0.6622222222222223,0.3055555555555556,0.05937467387399477,-0.16027247400821354,1.0348163464821227
1592254095.7333274,-0.4709496402877698,9.87401438848921,0.8774820143884892,-0.19,-0.6622222222222223,0.3055555555555556,0.05410363727112997,-0.10022145148996936,0.9555363746530106
1592254095.7433274,-0.47167181537343267,9.869164092313284,0.8880598461445273,-0.19,-0.6622222222222223,0.3055555555555556,0.053450708342326333,-0.08944812416470939,0.9424777960769379
1592254095.7533274,-0.5487090186759738,9.85,0.92,-0.19,-0.6596416209771573,0.29953415265040406,0.046694710081209165,-0.021043641770898014,0.8723843141178472
1592254095.7633274,-0.5715918302471589,9.84613605658428,0.8349932448541684,-0.19,-0.6588888888888889,0.29777777777777775,0.048095988818107865,0.001016623427349276,0.8380296433447503
1592254095.7733274,-0.5364688059098517,9.83235268655855,0.6082322387026028,-0.19,-0.6588888888888889,0.29777777777777775,0.06763198068139126,-0.019828259095477873,0.7875788806292193
1592254095.7833273,-0.471252704977158,9.951868237557106,0.4581317624428949,-0.19,-0.6588888888888889,0.29777777777777775,0.08883359746997767,-0.06715205704317567,0.7425168945533287
1592254095.7933273,-0.3411334082980134,10.068300896692906,0.3790571749848629,-0.19,-0.6588888888888889,0.29777777777777775,0.08790454970046577,-0.09414055531038136,0.714864849373183
1592254095.8033273,3.5313163902649154,12.618337281929787,0.1077755761361189,-0.2118697681096992,-0.6415753224687104,0.3041564601431067,0.08927511365679847,-0.23517639739536378,0.5709475508695172
1592254095.8133273,4.933810246155968,11.267634282562229,0.6184148107288148,-0.21666666666666667,-0.6377777777777778,0.3055555555555556,-0.00021932445437217174,-0.07603721600698576,0.26963264041404816
1592254095.8233273,1.104334189681011,10.652628719760223,0.9746181224577178,-0.21666666666666667,-0.6377777777777778,0.3055555555555556,-0.07502319484876323,0.33930842042660747,-0.12013862837997602
1592254095.8333273,0.8858063992862647,10.369429822782758,1.2734908147126809,-0.21666666666666667,-0.6377777777777778,0.3055555555555556,-0.051123331355072056,0.27694078614841144,-0.08023381341930681
1592254095.8433273,0.5582286078927954,10.193971324306538,0.6463750573314455,-0.21666666666666667,-0.6377777777777778,0.3055555555555556,0.04369764093447192,0.07687580289190883,-0.002912572788449218
1592254095.8533273,-1.3969950630019896,9.406673052833247,1.0161145088792278,-0.23589983543339965,-0.6329694855860944,0.3167749040028165,0.0466061490893663,0.0330142898308724,-0.02734311115140608
1592254095.8633273,-1.1354479526944103,9.544663245193203,0.9022563129904422,-0.24333333333333335,-0.6311111111111111,0.3211111111111111,0.041086296189341204,-0.02000736758426,-0.018125340671337406
1592254095.8733273,-0.7950305645451277,9.962459546925567,0.4575332614167566,-0.24333333333333335,-0.6311111111111111,0.3211111111111111,0.04854098921089587,-0.08672320455090037,-0.01090830782496456
1592254095.8833272,-0.5592905174934217,9.77784036643602,0.7023370041906247,-0.24333333333333335,-0.6311111111111111,0.3211111111111111,0.04231649510728431,-0.08572382099706506,0.011831277599219916
1592254095.8933272,-0.523261391598233,9.743361003231449,0.7632945954759717,-0.24333333333333335,-0.6311111111111111,0.3211111111111111,0.04508163570786426,-0.06947370636023135,0.020357345298342447
1592254095.9033272,-0.61,9.77656253567216,0.7360416270309349,-0.24168981393402078,-0.6360416693090488,0.3268634290087051,0.05155311686124979,-0.02745256777508727,0.031020502971395542
1592254095.9133272,-0.6339049548719838,9.810244980659423,0.6656050838091729,-0.2411111111111111,-0.6377777777777778,0.3288888888888889,0.04866142071447858,-0.02327996444140484,0.031607369447955884
1592254095.9233272,-0.68,9.797705230389393,0.534787322545152,-0.2411111111111111,-0.6377777777777778,0.3288888888888889,0.03588304296278469,-0.02399827721492203,0.028747868551306715
1592254095.9333272,-0.6314180870069046,9.821641639708368,0.4752986335763604,-0.2411111111111111,-0.6377777777777778,0.3288888888888889,0.016492765216559208,-0.028540675457673435,0.027604533971115952
1592254095.9433272,-0.6252052019117545,9.834931599362749,0.4954788044607606,-0.2411111111111111,-0.6377777777777778,0.3288888888888889,0.003735832866015647,-0.03330764562647007,0.02505926258915596
1592254095.9533272,-0.6036571164153781,9.83,0.561151043072533,-0.23764988410305188,-0.6314321949296692,0.3173514655286914,-0.012375816572110527,-0.03996180943626212,0.02177476254274584
1592254095.9633272,-0.534473747649583,9.815789499059834,0.625526252350417,-0.23444444444444446,-0.6255555555555555,0.30666666666666664,-0.033442554545100714,-0.036657667962755276,0.016850471902375465
1592254095.9733272,-0.5693767378293039,9.767677081860597,0.6329461803100994,-0.23444444444444446,-0.6255555555555555,0.30666666666666664,-0.038179077387375956,-0.021504516414313113,0.013732726224565756
1592254095.9833272,-0.5832268899829751,9.777092440068099,0.6706386601021488,-0.23444444444444446,-0.6255555555555555,0.30666666666666664,-0.03596258231743423,-0.011190639907582817,0.010873474320015748
1592254095.9933271,-0.634163785804995,9.775228058416818,0.6850760194722731,-0.23444444444444446,-0.6255555555555555,0.30666666666666664,-0.032220970273857806,-0.007115277400354379,0.010891722948879617
1592254096.0033271,-0.6595899588033727,9.800546721595502,0.68,-0.24063908246597965,-0.6334396403102367,0.30666666666666664,-0.030558171428546523,-0.00987711511705113,0.011446268456889909
1592254096.0133271,-0.6503658309255289,9.812845558765963,0.5917480659893747,-0.24666666666666667,-0.6411111111111111,0.30666666666666664,-0.03607722774933427,-0.01862393522939098,0.011648830334454068
1592254096.023327,-0.6469691360881032,9.826061727823793,0.46529938457267134,-0.24666666666666667,-0.6411111111111111,0.30666666666666664,-0.04670775787394744,-0.02854374198012318,0.014131308729103885
1592254096.033327,-0.6463810292442081,9.833618970755792,0.45828617546524875,-0.24666666666666667,-0.6411111111111111,0.30666666666666664,-0.06867060458631423,-0.03690129734904907,0.013183444017872687
1592254096.043327,-0.640590370788101,9.839409629211898,0.5411625898773438,-0.24666666666666667,-0.6411111111111111,0.30666666666666664,-0.08880412953596217,-0.04234920212873762,0.01097270728783928
1592254096.053327,-0.6393558788832088,9.821932363350372,0.6333896972080221,-0.24406781142133088,-0.6447495084545811,0.3170620876480098,-0.1080106925020085,-0.048366313035629334,0.009307193008312467
1592254096.063327,-0.6827330337596497,9.80309321350386,0.6534533932480701,-0.2411111111111111,-0.6488888888888888,0.3288888888888889,-0.12528838192620598,-0.05341141882710473,0.008726646259971648
1592254096.073327,-0.6938608517421999,9.797721703484399,0.5947476656797996,-0.2411111111111111,-0.6488888888888888,0.3288888888888889,-0.13583595782520427,-0.06726540573086658,0.012075032208930535
1592254096.083327,-0.6364423489069867,9.766196599514217,0.7087712530361481,-0.2411111111111111,-0.6488888888888888,0.3288888888888889,-0.14806512180239115,-0.08370610563510024,0.011584251974655534
1592254096.093327,-0.5806554452373565,9.75483613869066,0.8777059416692523,-0.2411111111111111,-0.6488888888888888,0.3288888888888889,-0.1527520585415613,-0.09630615580256288,0.00665223167115111
1592254096.103327,-0.5432597289024924,9.743259728902492,0.9723203614633436,-0.24421116131435328,-0.6414487684011076,0.3208287583604593,-0.14492985099282513,-0.09510721626093135,0.0032724923474893677
1592254096.113327,-0.5158733675373135,9.715873367537313,1.0352052238805969,-0.24666666666666667,-0.6355555555555555,0.31444444444444447,-0.13346243394222146,-0.08034421529969057,0.0017315157931581452
1592254096.123327,-0.49932945566286213,9.660670544337139,1.1113410886742756,-0.24666666666666667,-0.6355555555555555,0.31444444444444447,-0.09602172042213508,-0.036099172425227866,-7.31450403978636e-05
1592254096.133327,-0.5586015142076765,9.670829220374719,1.0830569265417607,-0.24666666666666667,-0.6355555555555555,0.31444444444444447,-0.05900070001606729,0.0013284519783960634,0.00033345895715827974
1592254096.143327,-0.6113211462097091,9.695660573104854,1.0643394268951454,-0.24666666666666667,-0.6355555555555555,0.31444444444444447,-0.03831616780840089,0.02281839424319161,0.0028471725357185787
1592254096.153327,-0.6078418254163879,9.715359695763937,1.0392806084721293,-0.2579815799460857,-0.6355555555555555,0.3305235317362505,-0.017759388879171237,0.030970967137658716,0.00545415391248228
1592254096.163327,-0.5818454327447132,9.723690865489427,1.0263091345105735,-0.2677777777777778,-0.6355555555555555,0.34444444444444444,-0.004213622241042829,0.030056347580892373,0.00545415391248228
1592254096.173327,-0.578963721772596,9.745518139113702,0.9493004697492784,-0.2677777777777778,-0.6355555555555555,0.34444444444444444,0.018733470634485515,0.03633653707928797,0.004852218311749899
1592254096.183327,-0.5938260393373797,9.73808698033131,0.9238260393373796,-0.2677777777777778,-0.6355555555555555,0.34444444444444444,0.0341856699943833,0.04056941702658168,0.003063814273276565
1592254096.193327,-0.6229464794754846,9.73863098631699,0.9141070410490307,-0.2677777777777778,-0.6355555555555555,0.34444444444444444,0.04412671717552012,0.03768559151171408,0.0035939033986746296
1592254096.203327,-0.6436400232102706,9.757280046420542,0.8763599767897294,-0.2625199664740537,-0.633937767462102,0.33271548076690605,0.051469774832399326,0.02835720917145253,0.005851218849158748
1592254096.213327,-0.6677064641725714,9.758195690551618,0.8522935358274286,-0.25333333333333335,-0.6311111111111111,0.31222222222222223,0.05692002031856002,0.014931358016849207,0.005901159489358351
1592254096.223327,-0.633070821795654,9.791063030928802,0.7520077908668512,-0.25333333333333335,-0.6311111111111111,0.31222222222222223,0.05845392887459419,0.0057891286067083235,0.00417435910791822
1592254096.233327,-0.5887707717872969,9.78631231536189,0.7349169128508124,-0.25333333333333335,-0.6311111111111111,0.31222222222222223,0.05645502469518978,0.0015692021750882018,0.0032724923474893677
1592254096.243327,-0.5883508963508963,9.755824551824551,0.7825263445263445,-0.25333333333333335,-0.6311111111111111,0.31222222222222223,0.05317512690467354,0.005190067442944235,0.0028170216074396145
1592254096.253327,-0.607356423919479,9.764712847838958,0.7852871521610421,-0.24883774093809619,-0.633563252417604,0.3097700809157292,0.05287396950942561,0.010105846458918469,0.0017804308819698669
1592254096.263327,-0.62,9.80782305284038,0.6946488062519418,-0.2411111111111111,-0.6377777777777778,0.3055555555555556,0.05174398297204988,0.010670839727606334,0.00238695976091958
1592254096.2733269,-0.62,9.831459332889512,0.5984330019971994,-0.2411111111111111,-0.6377777777777778,0.3055555555555556,0.04158726937468875,0.01324915791373631,0.0026474826943517207
1592254096.2833269,-0.6307711121365944,9.813072219658514,0.619241116751269,-0.2411111111111111,-0.6377777777777778,0.3055555555555556,0.02718532031214431,0.015943219274501673,0.003944080667040658
1592254096.2933269,-0.6200142079090694,9.778008524745442,0.7419488515273502,-0.2411111111111111,-0.6377777777777778,0.3055555555555556,0.018762909395921755,0.015709203141914388,0.0058901762569895065
1592254096.3033268,-0.573631993006993,9.769820804195804,0.8467263986013985,-0.24292977855477857,-0.6355953768453768,0.3102840909090909,0.01959585962507401,0.015589631012609972,0.007259173730022307
1592254096.3133268,-0.5664126105447918,9.779434955782083,0.824152433673125,-0.24666666666666667,-0.6311111111111111,0.32,0.02399827721492203,0.021878252412566638,0.006997944942270689
1592254096.3233268,-0.6162888148166713,9.775257762963333,0.7626801333299917,-0.24666666666666667,-0.6311111111111111,0.32,0.025145343152416986,0.022333913463678096,0.00545415391248228
1592254096.3333268,-0.6293017635987639,9.78,0.7306982364012361,-0.24666666666666667,-0.6311111111111111,0.32,0.02617993877991494,0.022983612208418366,0.004870655633237655
1592254096.3433268,-0.62,9.768177815319362,0.7636443693612739,-0.24666666666666667,-0.6311111111111111,0.32,0.027039672310981394,0.02399827721492203,0.004363323129985824
1592254096.3533268,-0.6230840736159526,9.756168147231906,0.8,-0.24289724335828014,-0.6331671601884128,0.3176012760764813,0.027688759857754597,0.023661856971345402,0.004363323129985824
1592254096.3633268,-0.6352594814847983,9.780518962969596,0.8157784444543948,-0.23444444444444446,-0.6377777777777778,0.31222222222222223,0.02617993877991494,0.022907446432425576,0.003789602699627011
1592254096.3733268,-0.615163828565962,9.775098297139577,0.7554914856978858,-0.23444444444444446,-0.6377777777777778,0.31222222222222223,0.027805462399091416,0.022907446432425576,0.00273065114109721
1592254096.3833268,-0.6149611847605398,9.764992236952107,0.684992236952108,-0.23444444444444446,-0.6377777777777778,0.31222222222222223,0.031086136849667007,0.02617485787695097,0.0016370929909053464
1592254096.3933268,-0.6325549206799872,9.766277460339992,0.7086126983000319,-0.23444444444444446,-0.6377777777777778,0.31222222222222223,0.03231885738987379,0.02539177027720545,0.001496896867516342
1592254096.4033267,-0.6174504018325115,9.767648794502465,0.7374504018325115,-0.2375606199824859,-0.6360780456661188,0.31760470724247564,0.031077856659578632,0.017431651236802567,0.0024597795814022072
1592254096.4133267,-0.61,9.795216663609684,0.73,-0.24666666666666667,-0.6311111111111111,0.3333333333333333,0.027176232228455128,0.011335551548767451,0.003841542072226663
1592254096.4233267,-0.6049832218758181,9.789966443751636,0.6798322187581808,-0.24666666666666667,-0.6311111111111111,0.3333333333333333,0.024541862396737238,0.007632155058609155,0.004363323129985824
1592254096.4333267,-0.6247414422691827,9.78,0.6349482884538366,-0.24666666666666667,-0.6311111111111111,0.3333333333333333,0.02129940453186368,0.0060052101583670655,0.0032837740567624838
1592254096.4433267,-0.65,9.776348154481973,0.6765184551802764,-0.24666666666666667,-0.6311111111111111,0.3333333333333333,0.016950705100845242,0.00386073571088777,0.002181661564992912
1592254096.4533267,-0.6409359393525671,9.776798045485574,0.7377339848381418,-0.24666666666666667,-0.6338806851978267,0.3252763905356152,0.013686432354022199,-0.0008866404912304573,0.0016872937465611836
1592254096.4633267,-0.6051419325671592,9.790283865134318,0.7397161348656816,-0.24666666666666667,-0.6433333333333333,0.29777777777777775,0.010409339757705135,-0.006575949577637938,0.0005299329499186272
